id;first_name;last_name;email;login;activated;password_hash;lang_key;created_date;created_by;last_modified_by
14217;Winifred;Paul;pavewta@ni.edu;pavewta@ni.edu;True;$2a$10$HdQfU7GJ8xTh7V23joLEe.qcySJz./z6bO0NKfJLNwbkfRYG9mXbu;en;2019-03-01 11:16:45.079;system;system
17262;Nelle;Abbott;aliicume@pilsozu.ls;aliicume@pilsozu.ls;True;$2a$10$HdQfU7GJ8xTh7V23joLEe.qcySJz./z6bO0NKfJLNwbkfRYG9mXbu;en;2019-03-01 11:16:45.079;system;system
14299;David;Barton;ficogi@cosujain.bn;ficogi@cosujain.bn;True;$2a$10$HdQfU7GJ8xTh7V23joLEe.qcySJz./z6bO0NKfJLNwbkfRYG9mXbu;en;2019-03-01 11:16:45.079;system;system
18259;Devin;Burke;pipgi@imogeuh.gg;pipgi@imogeuh.gg;True;$2a$10$HdQfU7GJ8xTh7V23joLEe.qcySJz./z6bO0NKfJLNwbkfRYG9mXbu;en;2019-03-01 11:16:45.079;system;system
17676;Ralph;Doyle;cunim@mawjiwed.la;cunim@mawjiwed.la;True;$2a$10$HdQfU7GJ8xTh7V23joLEe.qcySJz./z6bO0NKfJLNwbkfRYG9mXbu;en;2019-03-01 11:16:45.079;system;system
16679;Carl;Sherman;jo@hez.hr;jo@hez.hr;True;$2a$10$HdQfU7GJ8xTh7V23joLEe.qcySJz./z6bO0NKfJLNwbkfRYG9mXbu;en;2019-03-01 11:16:45.079;system;system
18269;Rose;McGuire;kapzek@kitubugus.ac;kapzek@kitubugus.ac;True;$2a$10$HdQfU7GJ8xTh7V23joLEe.qcySJz./z6bO0NKfJLNwbkfRYG9mXbu;en;2019-03-01 11:16:45.079;system;system
12766;James;Dawson;giob@finbelmut.es;giob@finbelmut.es;True;$2a$10$HdQfU7GJ8xTh7V23joLEe.qcySJz./z6bO0NKfJLNwbkfRYG9mXbu;en;2019-03-01 11:16:45.079;system;system
15298;Winifred;Barber;nites@rev.ma;nites@rev.ma;True;$2a$10$HdQfU7GJ8xTh7V23joLEe.qcySJz./z6bO0NKfJLNwbkfRYG9mXbu;en;2019-03-01 11:16:45.079;system;system
18193;Delia;Lane;zoez@ukecapu.ps;zoez@ukecapu.ps;True;$2a$10$HdQfU7GJ8xTh7V23joLEe.qcySJz./z6bO0NKfJLNwbkfRYG9mXbu;en;2019-03-01 11:16:45.079;system;system
13523;Aiden;Zimmerman;zipo@pansup.dm;zipo@pansup.dm;True;$2a$10$HdQfU7GJ8xTh7V23joLEe.qcySJz./z6bO0NKfJLNwbkfRYG9mXbu;en;2019-03-01 11:16:45.079;system;system
12870;Alexander;Mason;eflamti@hivibi.eg;eflamti@hivibi.eg;True;$2a$10$HdQfU7GJ8xTh7V23joLEe.qcySJz./z6bO0NKfJLNwbkfRYG9mXbu;en;2019-03-01 11:16:45.079;system;system
15005;Evan;Abbott;sotevi@vajiguhar.nf;sotevi@vajiguhar.nf;True;$2a$10$HdQfU7GJ8xTh7V23joLEe.qcySJz./z6bO0NKfJLNwbkfRYG9mXbu;en;2019-03-01 11:16:45.079;system;system
15581;Irene;Massey;fufi@penru.vn;fufi@penru.vn;True;$2a$10$HdQfU7GJ8xTh7V23joLEe.qcySJz./z6bO0NKfJLNwbkfRYG9mXbu;en;2019-03-01 11:16:45.079;system;system
15680;Robert;Welch;figkoklew@fol.bt;figkoklew@fol.bt;True;$2a$10$HdQfU7GJ8xTh7V23joLEe.qcySJz./z6bO0NKfJLNwbkfRYG9mXbu;en;2019-03-01 11:16:45.079;system;system
13649;Janie;Alvarez;edopa@ged.jp;edopa@ged.jp;True;$2a$10$HdQfU7GJ8xTh7V23joLEe.qcySJz./z6bO0NKfJLNwbkfRYG9mXbu;en;2019-03-01 11:16:45.079;system;system
17894;Herman;Simmons;ib@dibbadan.tg;ib@dibbadan.tg;True;$2a$10$HdQfU7GJ8xTh7V23joLEe.qcySJz./z6bO0NKfJLNwbkfRYG9mXbu;en;2019-03-01 11:16:45.079;system;system
13270;Lelia;Hanson;azebot@godalbek.mn;azebot@godalbek.mn;True;$2a$10$HdQfU7GJ8xTh7V23joLEe.qcySJz./z6bO0NKfJLNwbkfRYG9mXbu;en;2019-03-01 11:16:45.079;system;system
14618;Gilbert;Dunn;fatgolvoh@zerabuci.li;fatgolvoh@zerabuci.li;True;$2a$10$HdQfU7GJ8xTh7V23joLEe.qcySJz./z6bO0NKfJLNwbkfRYG9mXbu;en;2019-03-01 11:16:45.079;system;system
14866;Jennie;Fleming;hohfas@et.mx;hohfas@et.mx;True;$2a$10$HdQfU7GJ8xTh7V23joLEe.qcySJz./z6bO0NKfJLNwbkfRYG9mXbu;en;2019-03-01 11:16:45.079;system;system
13077;Millie;Underwood;bo@je.af;bo@je.af;True;$2a$10$HdQfU7GJ8xTh7V23joLEe.qcySJz./z6bO0NKfJLNwbkfRYG9mXbu;en;2019-03-01 11:16:45.079;system;system
13115;Callie;Webb;us@rakroobo.sb;us@rakroobo.sb;True;$2a$10$HdQfU7GJ8xTh7V23joLEe.qcySJz./z6bO0NKfJLNwbkfRYG9mXbu;en;2019-03-01 11:16:45.079;system;system
13531;Mina;Curtis;wiuvopa@wa.ar;wiuvopa@wa.ar;True;$2a$10$HdQfU7GJ8xTh7V23joLEe.qcySJz./z6bO0NKfJLNwbkfRYG9mXbu;en;2019-03-01 11:16:45.079;system;system
13848;Michael;Lowe;gag@cav.mn;gag@cav.mn;True;$2a$10$HdQfU7GJ8xTh7V23joLEe.qcySJz./z6bO0NKfJLNwbkfRYG9mXbu;en;2019-03-01 11:16:45.079;system;system
13140;Mary;Simpson;wolniuv@lesrac.td;wolniuv@lesrac.td;True;$2a$10$HdQfU7GJ8xTh7V23joLEe.qcySJz./z6bO0NKfJLNwbkfRYG9mXbu;en;2019-03-01 11:16:45.079;system;system
15713;Nettie;Bowman;vongaij@rioso.tr;vongaij@rioso.tr;True;$2a$10$HdQfU7GJ8xTh7V23joLEe.qcySJz./z6bO0NKfJLNwbkfRYG9mXbu;en;2019-03-01 11:16:45.079;system;system
17999;Joseph;Dunn;fugesli@fom.edu;fugesli@fom.edu;True;$2a$10$HdQfU7GJ8xTh7V23joLEe.qcySJz./z6bO0NKfJLNwbkfRYG9mXbu;en;2019-03-01 11:16:45.079;system;system
15347;Ricardo;Jacobs;miviv@pupifaj.gov;miviv@pupifaj.gov;True;$2a$10$HdQfU7GJ8xTh7V23joLEe.qcySJz./z6bO0NKfJLNwbkfRYG9mXbu;en;2019-03-01 11:16:45.079;system;system
17340;Mario;Green;kov@fa.bt;kov@fa.bt;True;$2a$10$HdQfU7GJ8xTh7V23joLEe.qcySJz./z6bO0NKfJLNwbkfRYG9mXbu;en;2019-03-01 11:16:45.079;system;system
13984;Ruth;Hunt;wezahnov@fofme.si;wezahnov@fofme.si;True;$2a$10$HdQfU7GJ8xTh7V23joLEe.qcySJz./z6bO0NKfJLNwbkfRYG9mXbu;en;2019-03-01 11:16:45.079;system;system
15996;Carrie;White;im@se.dz;im@se.dz;True;$2a$10$HdQfU7GJ8xTh7V23joLEe.qcySJz./z6bO0NKfJLNwbkfRYG9mXbu;en;2019-03-01 11:16:45.079;system;system
14030;Christina;Woods;pazakwuh@arlap.je;pazakwuh@arlap.je;True;$2a$10$HdQfU7GJ8xTh7V23joLEe.qcySJz./z6bO0NKfJLNwbkfRYG9mXbu;en;2019-03-01 11:16:45.079;system;system
16252;Micheal;Powell;irigbij@di.et;irigbij@di.et;True;$2a$10$HdQfU7GJ8xTh7V23joLEe.qcySJz./z6bO0NKfJLNwbkfRYG9mXbu;en;2019-03-01 11:16:45.079;system;system
16596;Vernon;Price;sorak@adufub.pm;sorak@adufub.pm;True;$2a$10$HdQfU7GJ8xTh7V23joLEe.qcySJz./z6bO0NKfJLNwbkfRYG9mXbu;en;2019-03-01 11:16:45.079;system;system
16700;Theodore;Wade;daftafhu@jubag.hk;daftafhu@jubag.hk;True;$2a$10$HdQfU7GJ8xTh7V23joLEe.qcySJz./z6bO0NKfJLNwbkfRYG9mXbu;en;2019-03-01 11:16:45.079;system;system
16011;Clyde;Mills;fi@uvajo.vu;fi@uvajo.vu;True;$2a$10$HdQfU7GJ8xTh7V23joLEe.qcySJz./z6bO0NKfJLNwbkfRYG9mXbu;en;2019-03-01 11:16:45.079;system;system
17655;Claudia;Olson;keh@orrulip.py;keh@orrulip.py;True;$2a$10$HdQfU7GJ8xTh7V23joLEe.qcySJz./z6bO0NKfJLNwbkfRYG9mXbu;en;2019-03-01 11:16:45.079;system;system
16717;Olivia;Tucker;zeuzci@fabtif.la;zeuzci@fabtif.la;True;$2a$10$HdQfU7GJ8xTh7V23joLEe.qcySJz./z6bO0NKfJLNwbkfRYG9mXbu;en;2019-03-01 11:16:45.079;system;system
14243;Phoebe;Bailey;lini@veveluot.pf;lini@veveluot.pf;True;$2a$10$HdQfU7GJ8xTh7V23joLEe.qcySJz./z6bO0NKfJLNwbkfRYG9mXbu;en;2019-03-01 11:16:45.079;system;system
12963;Rodney;Baldwin;kelusa@higecu.na;kelusa@higecu.na;True;$2a$10$HdQfU7GJ8xTh7V23joLEe.qcySJz./z6bO0NKfJLNwbkfRYG9mXbu;en;2019-03-01 11:16:45.079;system;system
15079;Lelia;Stone;fuoh@hojaja.mg;fuoh@hojaja.mg;True;$2a$10$HdQfU7GJ8xTh7V23joLEe.qcySJz./z6bO0NKfJLNwbkfRYG9mXbu;en;2019-03-01 11:16:45.079;system;system
14437;Elmer;Bates;us@kopapman.ai;us@kopapman.ai;True;$2a$10$HdQfU7GJ8xTh7V23joLEe.qcySJz./z6bO0NKfJLNwbkfRYG9mXbu;en;2019-03-01 11:16:45.079;system;system
12942;Kate;Harmon;uwebaf@pu.gd;uwebaf@pu.gd;True;$2a$10$HdQfU7GJ8xTh7V23joLEe.qcySJz./z6bO0NKfJLNwbkfRYG9mXbu;en;2019-03-01 11:16:45.079;system;system
15660;Bertie;McKenzie;we@la.bw;we@la.bw;True;$2a$10$HdQfU7GJ8xTh7V23joLEe.qcySJz./z6bO0NKfJLNwbkfRYG9mXbu;en;2019-03-01 11:16:45.079;system;system
18092;Hattie;Hughes;zahusuha@ubgen.br;zahusuha@ubgen.br;True;$2a$10$HdQfU7GJ8xTh7V23joLEe.qcySJz./z6bO0NKfJLNwbkfRYG9mXbu;en;2019-03-01 11:16:45.079;system;system
15358;Jerry;Grant;fazgosmes@tu.tm;fazgosmes@tu.tm;True;$2a$10$HdQfU7GJ8xTh7V23joLEe.qcySJz./z6bO0NKfJLNwbkfRYG9mXbu;en;2019-03-01 11:16:45.079;system;system
12481;Lillie;Nelson;oh@almidzub.io;oh@almidzub.io;True;$2a$10$HdQfU7GJ8xTh7V23joLEe.qcySJz./z6bO0NKfJLNwbkfRYG9mXbu;en;2019-03-01 11:16:45.079;system;system
12721;Florence;Hogan;ileataip@hienecus.jp;ileataip@hienecus.jp;True;$2a$10$HdQfU7GJ8xTh7V23joLEe.qcySJz./z6bO0NKfJLNwbkfRYG9mXbu;en;2019-03-01 11:16:45.079;system;system
12621;Harvey;Craig;muwsew@ci.gd;muwsew@ci.gd;True;$2a$10$HdQfU7GJ8xTh7V23joLEe.qcySJz./z6bO0NKfJLNwbkfRYG9mXbu;en;2019-03-01 11:16:45.079;system;system
18071;Nell;Weaver;fuwkuecu@put.au;fuwkuecu@put.au;True;$2a$10$HdQfU7GJ8xTh7V23joLEe.qcySJz./z6bO0NKfJLNwbkfRYG9mXbu;en;2019-03-01 11:16:45.079;system;system
12683;Margaret;Aguilar;mudzalnil@fauji.al;mudzalnil@fauji.al;True;$2a$10$HdQfU7GJ8xTh7V23joLEe.qcySJz./z6bO0NKfJLNwbkfRYG9mXbu;en;2019-03-01 11:16:45.079;system;system
12755;Victor;Burke;we@roksa.cd;we@roksa.cd;True;$2a$10$HdQfU7GJ8xTh7V23joLEe.qcySJz./z6bO0NKfJLNwbkfRYG9mXbu;en;2019-03-01 11:16:45.079;system;system
13854;Roger;Hammond;elcowba@omob.cx;elcowba@omob.cx;True;$2a$10$HdQfU7GJ8xTh7V23joLEe.qcySJz./z6bO0NKfJLNwbkfRYG9mXbu;en;2019-03-01 11:16:45.079;system;system
12797;Nathaniel;Norman;wuftil@tozzoc.sv;wuftil@tozzoc.sv;True;$2a$10$HdQfU7GJ8xTh7V23joLEe.qcySJz./z6bO0NKfJLNwbkfRYG9mXbu;en;2019-03-01 11:16:45.079;system;system
13369;Jeffrey;Hart;capen@sa.sm;capen@sa.sm;True;$2a$10$HdQfU7GJ8xTh7V23joLEe.qcySJz./z6bO0NKfJLNwbkfRYG9mXbu;en;2019-03-01 11:16:45.079;system;system
12494;Winifred;Copeland;voeladi@ujecir.mu;voeladi@ujecir.mu;True;$2a$10$HdQfU7GJ8xTh7V23joLEe.qcySJz./z6bO0NKfJLNwbkfRYG9mXbu;en;2019-03-01 11:16:45.079;system;system
17857;Andre;McGee;ta@lipca.bv;ta@lipca.bv;True;$2a$10$HdQfU7GJ8xTh7V23joLEe.qcySJz./z6bO0NKfJLNwbkfRYG9mXbu;en;2019-03-01 11:16:45.079;system;system
17411;Ann;Simon;nimit@vu.me;nimit@vu.me;True;$2a$10$HdQfU7GJ8xTh7V23joLEe.qcySJz./z6bO0NKfJLNwbkfRYG9mXbu;en;2019-03-01 11:16:45.079;system;system
14932;Roger;Carr;epiro@ohefav.lv;epiro@ohefav.lv;True;$2a$10$HdQfU7GJ8xTh7V23joLEe.qcySJz./z6bO0NKfJLNwbkfRYG9mXbu;en;2019-03-01 11:16:45.079;system;system
12429;Lucile;Holt;upwin@now.id;upwin@now.id;True;$2a$10$HdQfU7GJ8xTh7V23joLEe.qcySJz./z6bO0NKfJLNwbkfRYG9mXbu;en;2019-03-01 11:16:45.079;system;system
14987;Sylvia;Brady;cewod@mapodke.zm;cewod@mapodke.zm;True;$2a$10$HdQfU7GJ8xTh7V23joLEe.qcySJz./z6bO0NKfJLNwbkfRYG9mXbu;en;2019-03-01 11:16:45.079;system;system
14355;Katherine;Bishop;ru@coh.ir;ru@coh.ir;True;$2a$10$HdQfU7GJ8xTh7V23joLEe.qcySJz./z6bO0NKfJLNwbkfRYG9mXbu;en;2019-03-01 11:16:45.079;system;system
17526;Carrie;Perry;rapuj@mibmusam.hr;rapuj@mibmusam.hr;True;$2a$10$HdQfU7GJ8xTh7V23joLEe.qcySJz./z6bO0NKfJLNwbkfRYG9mXbu;en;2019-03-01 11:16:45.079;system;system
14896;Rose;Matthews;kail@ideroslek.edu;kail@ideroslek.edu;True;$2a$10$HdQfU7GJ8xTh7V23joLEe.qcySJz./z6bO0NKfJLNwbkfRYG9mXbu;en;2019-03-01 11:16:45.079;system;system
14440;Irene;Erickson;zonlo@ru.ly;zonlo@ru.ly;True;$2a$10$HdQfU7GJ8xTh7V23joLEe.qcySJz./z6bO0NKfJLNwbkfRYG9mXbu;en;2019-03-01 11:16:45.079;system;system
13240;Jared;Ingram;jukifa@ezuwek.sl;jukifa@ezuwek.sl;True;$2a$10$HdQfU7GJ8xTh7V23joLEe.qcySJz./z6bO0NKfJLNwbkfRYG9mXbu;en;2019-03-01 11:16:45.079;system;system
14479;Grace;Osborne;ma@vudnim.sh;ma@vudnim.sh;True;$2a$10$HdQfU7GJ8xTh7V23joLEe.qcySJz./z6bO0NKfJLNwbkfRYG9mXbu;en;2019-03-01 11:16:45.079;system;system
16065;Charles;Owen;uzagu@husifpi.ke;uzagu@husifpi.ke;True;$2a$10$HdQfU7GJ8xTh7V23joLEe.qcySJz./z6bO0NKfJLNwbkfRYG9mXbu;en;2019-03-01 11:16:45.079;system;system
17430;Don;Lloyd;mogzozcip@sifjakca.ye;mogzozcip@sifjakca.ye;True;$2a$10$HdQfU7GJ8xTh7V23joLEe.qcySJz./z6bO0NKfJLNwbkfRYG9mXbu;en;2019-03-01 11:16:45.079;system;system
16520;Charlie;Gardner;olawuh@sa.au;olawuh@sa.au;True;$2a$10$HdQfU7GJ8xTh7V23joLEe.qcySJz./z6bO0NKfJLNwbkfRYG9mXbu;en;2019-03-01 11:16:45.079;system;system
15945;Eva;Mann;onci@mu.sm;onci@mu.sm;True;$2a$10$HdQfU7GJ8xTh7V23joLEe.qcySJz./z6bO0NKfJLNwbkfRYG9mXbu;en;2019-03-01 11:16:45.079;system;system
15181;Lloyd;Wheeler;lov@edcaro.at;lov@edcaro.at;True;$2a$10$HdQfU7GJ8xTh7V23joLEe.qcySJz./z6bO0NKfJLNwbkfRYG9mXbu;en;2019-03-01 11:16:45.079;system;system
15856;Jason;Kennedy;ti@tezgu.gu;ti@tezgu.gu;True;$2a$10$HdQfU7GJ8xTh7V23joLEe.qcySJz./z6bO0NKfJLNwbkfRYG9mXbu;en;2019-03-01 11:16:45.079;system;system
13102;Cole;Hudson;ewoboge@bamin.cn;ewoboge@bamin.cn;True;$2a$10$HdQfU7GJ8xTh7V23joLEe.qcySJz./z6bO0NKfJLNwbkfRYG9mXbu;en;2019-03-01 11:16:45.079;system;system
14205;Samuel;Mendez;figekiw@wawfero.lu;figekiw@wawfero.lu;True;$2a$10$HdQfU7GJ8xTh7V23joLEe.qcySJz./z6bO0NKfJLNwbkfRYG9mXbu;en;2019-03-01 11:16:45.079;system;system
17702;Lois;Daniel;gok@mofduz.mu;gok@mofduz.mu;True;$2a$10$HdQfU7GJ8xTh7V23joLEe.qcySJz./z6bO0NKfJLNwbkfRYG9mXbu;en;2019-03-01 11:16:45.079;system;system
15271;Cody;Roy;go@solalico.ve;go@solalico.ve;True;$2a$10$HdQfU7GJ8xTh7V23joLEe.qcySJz./z6bO0NKfJLNwbkfRYG9mXbu;en;2019-03-01 11:16:45.079;system;system
13982;Lora;Morrison;ijo@azuvawrap.ad;ijo@azuvawrap.ad;True;$2a$10$HdQfU7GJ8xTh7V23joLEe.qcySJz./z6bO0NKfJLNwbkfRYG9mXbu;en;2019-03-01 11:16:45.079;system;system
15288;Jonathan;Hart;caha@gintanam.ax;caha@gintanam.ax;True;$2a$10$HdQfU7GJ8xTh7V23joLEe.qcySJz./z6bO0NKfJLNwbkfRYG9mXbu;en;2019-03-01 11:16:45.079;system;system
17978;Noah;Vargas;diw@koup.tz;diw@koup.tz;True;$2a$10$HdQfU7GJ8xTh7V23joLEe.qcySJz./z6bO0NKfJLNwbkfRYG9mXbu;en;2019-03-01 11:16:45.079;system;system
16795;Stephen;Knight;ib@logtetkul.ar;ib@logtetkul.ar;True;$2a$10$HdQfU7GJ8xTh7V23joLEe.qcySJz./z6bO0NKfJLNwbkfRYG9mXbu;en;2019-03-01 11:16:45.079;system;system
16519;Brandon;Massey;tavnovoc@lodnakug.mm;tavnovoc@lodnakug.mm;True;$2a$10$HdQfU7GJ8xTh7V23joLEe.qcySJz./z6bO0NKfJLNwbkfRYG9mXbu;en;2019-03-01 11:16:45.079;system;system
17816;Zachary;May;oha@faimu.gq;oha@faimu.gq;True;$2a$10$HdQfU7GJ8xTh7V23joLEe.qcySJz./z6bO0NKfJLNwbkfRYG9mXbu;en;2019-03-01 11:16:45.079;system;system
13021;Kevin;Fitzgerald;we@vaw.nu;we@vaw.nu;True;$2a$10$HdQfU7GJ8xTh7V23joLEe.qcySJz./z6bO0NKfJLNwbkfRYG9mXbu;en;2019-03-01 11:16:45.079;system;system
16255;Lottie;Coleman;osaheki@hinimla.hm;osaheki@hinimla.hm;True;$2a$10$HdQfU7GJ8xTh7V23joLEe.qcySJz./z6bO0NKfJLNwbkfRYG9mXbu;en;2019-03-01 11:16:45.079;system;system
17671;Aiden;Butler;tuh@zutno.je;tuh@zutno.je;True;$2a$10$HdQfU7GJ8xTh7V23joLEe.qcySJz./z6bO0NKfJLNwbkfRYG9mXbu;en;2019-03-01 11:16:45.079;system;system
17646;Lois;Schmidt;panu@potniwi.bt;panu@potniwi.bt;True;$2a$10$HdQfU7GJ8xTh7V23joLEe.qcySJz./z6bO0NKfJLNwbkfRYG9mXbu;en;2019-03-01 11:16:45.079;system;system
12649;Dominic;Stevenson;nukik@upoh.fj;nukik@upoh.fj;True;$2a$10$HdQfU7GJ8xTh7V23joLEe.qcySJz./z6bO0NKfJLNwbkfRYG9mXbu;en;2019-03-01 11:16:45.079;system;system
16350;Rodney;Castillo;vismugad@ihmabe.tm;vismugad@ihmabe.tm;True;$2a$10$HdQfU7GJ8xTh7V23joLEe.qcySJz./z6bO0NKfJLNwbkfRYG9mXbu;en;2019-03-01 11:16:45.079;system;system
12872;Mary;Martinez;awaeteko@kenaen.nr;awaeteko@kenaen.nr;True;$2a$10$HdQfU7GJ8xTh7V23joLEe.qcySJz./z6bO0NKfJLNwbkfRYG9mXbu;en;2019-03-01 11:16:45.079;system;system
17339;Frances;Hughes;lu@aj.mr;lu@aj.mr;True;$2a$10$HdQfU7GJ8xTh7V23joLEe.qcySJz./z6bO0NKfJLNwbkfRYG9mXbu;en;2019-03-01 11:16:45.079;system;system
18230;Nicholas;Murphy;nodcub@mo.ht;nodcub@mo.ht;True;$2a$10$HdQfU7GJ8xTh7V23joLEe.qcySJz./z6bO0NKfJLNwbkfRYG9mXbu;en;2019-03-01 11:16:45.079;system;system
16499;Jane;McDonald;uwaw@dojubza.dk;uwaw@dojubza.dk;True;$2a$10$HdQfU7GJ8xTh7V23joLEe.qcySJz./z6bO0NKfJLNwbkfRYG9mXbu;en;2019-03-01 11:16:45.079;system;system
17097;Stella;Butler;itu@ohse.gd;itu@ohse.gd;True;$2a$10$HdQfU7GJ8xTh7V23joLEe.qcySJz./z6bO0NKfJLNwbkfRYG9mXbu;en;2019-03-01 11:16:45.079;system;system
15192;Irene;Stevenson;dasukkid@nin.nu;dasukkid@nin.nu;True;$2a$10$HdQfU7GJ8xTh7V23joLEe.qcySJz./z6bO0NKfJLNwbkfRYG9mXbu;en;2019-03-01 11:16:45.079;system;system
14441;Catherine;Boyd;vaagi@sifew.py;vaagi@sifew.py;True;$2a$10$HdQfU7GJ8xTh7V23joLEe.qcySJz./z6bO0NKfJLNwbkfRYG9mXbu;en;2019-03-01 11:16:45.079;system;system
15279;Nelle;Walters;iwof@fidahji.gt;iwof@fidahji.gt;True;$2a$10$HdQfU7GJ8xTh7V23joLEe.qcySJz./z6bO0NKfJLNwbkfRYG9mXbu;en;2019-03-01 11:16:45.079;system;system
16579;Adeline;Neal;afu@te.ax;afu@te.ax;True;$2a$10$HdQfU7GJ8xTh7V23joLEe.qcySJz./z6bO0NKfJLNwbkfRYG9mXbu;en;2019-03-01 11:16:45.079;system;system
15380;Oscar;Frazier;tebelom@cuta.eh;tebelom@cuta.eh;True;$2a$10$HdQfU7GJ8xTh7V23joLEe.qcySJz./z6bO0NKfJLNwbkfRYG9mXbu;en;2019-03-01 11:16:45.079;system;system
17442;Francisco;Guerrero;mowbomaz@avu.gi;mowbomaz@avu.gi;True;$2a$10$HdQfU7GJ8xTh7V23joLEe.qcySJz./z6bO0NKfJLNwbkfRYG9mXbu;en;2019-03-01 11:16:45.079;system;system
17950;Edgar;Underwood;topeb@sobgetmo.jp;topeb@sobgetmo.jp;True;$2a$10$HdQfU7GJ8xTh7V23joLEe.qcySJz./z6bO0NKfJLNwbkfRYG9mXbu;en;2019-03-01 11:16:45.079;system;system
12826;Phillip;Rios;umfap@banuwsa.org;umfap@banuwsa.org;True;$2a$10$HdQfU7GJ8xTh7V23joLEe.qcySJz./z6bO0NKfJLNwbkfRYG9mXbu;en;2019-03-01 11:16:45.079;system;system
17456;Ruth;Martin;befpiuz@geuwi.pg;befpiuz@geuwi.pg;True;$2a$10$HdQfU7GJ8xTh7V23joLEe.qcySJz./z6bO0NKfJLNwbkfRYG9mXbu;en;2019-03-01 11:16:45.079;system;system
17307;Bertha;Jensen;baj@cepbu.uy;baj@cepbu.uy;True;$2a$10$HdQfU7GJ8xTh7V23joLEe.qcySJz./z6bO0NKfJLNwbkfRYG9mXbu;en;2019-03-01 11:16:45.079;system;system
15811;Glenn;Taylor;obe@maspofez.py;obe@maspofez.py;True;$2a$10$HdQfU7GJ8xTh7V23joLEe.qcySJz./z6bO0NKfJLNwbkfRYG9mXbu;en;2019-03-01 11:16:45.079;system;system
13327;Edith;Gardner;conril@tufuzco.tt;conril@tufuzco.tt;True;$2a$10$HdQfU7GJ8xTh7V23joLEe.qcySJz./z6bO0NKfJLNwbkfRYG9mXbu;en;2019-03-01 11:16:45.079;system;system
17700;Jim;Hines;oluwza@cin.sv;oluwza@cin.sv;True;$2a$10$HdQfU7GJ8xTh7V23joLEe.qcySJz./z6bO0NKfJLNwbkfRYG9mXbu;en;2019-03-01 11:16:45.079;system;system
13136;Maggie;Schneider;ujsugi@ovadusez.tc;ujsugi@ovadusez.tc;True;$2a$10$HdQfU7GJ8xTh7V23joLEe.qcySJz./z6bO0NKfJLNwbkfRYG9mXbu;en;2019-03-01 11:16:45.079;system;system
15535;Eugene;Cannon;zodsen@ri.si;zodsen@ri.si;True;$2a$10$HdQfU7GJ8xTh7V23joLEe.qcySJz./z6bO0NKfJLNwbkfRYG9mXbu;en;2019-03-01 11:16:45.079;system;system
12605;Adelaide;Daniels;wuvez@wijok.ht;wuvez@wijok.ht;True;$2a$10$HdQfU7GJ8xTh7V23joLEe.qcySJz./z6bO0NKfJLNwbkfRYG9mXbu;en;2019-03-01 11:16:45.079;system;system
15329;Ray;Barton;ce@uwubaghe.md;ce@uwubaghe.md;True;$2a$10$HdQfU7GJ8xTh7V23joLEe.qcySJz./z6bO0NKfJLNwbkfRYG9mXbu;en;2019-03-01 11:16:45.079;system;system
15211;Ruby;Sandoval;maz@duw.pm;maz@duw.pm;True;$2a$10$HdQfU7GJ8xTh7V23joLEe.qcySJz./z6bO0NKfJLNwbkfRYG9mXbu;en;2019-03-01 11:16:45.079;system;system
15596;Francisco;Miles;webowsa@wikgir.qa;webowsa@wikgir.qa;True;$2a$10$HdQfU7GJ8xTh7V23joLEe.qcySJz./z6bO0NKfJLNwbkfRYG9mXbu;en;2019-03-01 11:16:45.079;system;system
16163;Leon;Burgess;fuwumsu@mov.ug;fuwumsu@mov.ug;True;$2a$10$HdQfU7GJ8xTh7V23joLEe.qcySJz./z6bO0NKfJLNwbkfRYG9mXbu;en;2019-03-01 11:16:45.079;system;system
16907;Kevin;Rios;mul@ur.ki;mul@ur.ki;True;$2a$10$HdQfU7GJ8xTh7V23joLEe.qcySJz./z6bO0NKfJLNwbkfRYG9mXbu;en;2019-03-01 11:16:45.079;system;system
17576;George;Fitzgerald;akuotes@igowukaj.si;akuotes@igowukaj.si;True;$2a$10$HdQfU7GJ8xTh7V23joLEe.qcySJz./z6bO0NKfJLNwbkfRYG9mXbu;en;2019-03-01 11:16:45.079;system;system
14713;Betty;Doyle;muwes@sadlojam.sa;muwes@sadlojam.sa;True;$2a$10$HdQfU7GJ8xTh7V23joLEe.qcySJz./z6bO0NKfJLNwbkfRYG9mXbu;en;2019-03-01 11:16:45.079;system;system
14702;Shane;Patrick;gosecsi@huvkamit.pl;gosecsi@huvkamit.pl;True;$2a$10$HdQfU7GJ8xTh7V23joLEe.qcySJz./z6bO0NKfJLNwbkfRYG9mXbu;en;2019-03-01 11:16:45.079;system;system
13230;Louise;Mendez;vikuwe@woum.gp;vikuwe@woum.gp;True;$2a$10$HdQfU7GJ8xTh7V23joLEe.qcySJz./z6bO0NKfJLNwbkfRYG9mXbu;en;2019-03-01 11:16:45.079;system;system
13969;Edith;Gonzalez;nowkelel@razjimid.pr;nowkelel@razjimid.pr;True;$2a$10$HdQfU7GJ8xTh7V23joLEe.qcySJz./z6bO0NKfJLNwbkfRYG9mXbu;en;2019-03-01 11:16:45.079;system;system
17530;Zachary;Richards;isjip@atafev.vu;isjip@atafev.vu;True;$2a$10$HdQfU7GJ8xTh7V23joLEe.qcySJz./z6bO0NKfJLNwbkfRYG9mXbu;en;2019-03-01 11:16:45.079;system;system
15805;Tony;Guzman;rig@fazcu.in;rig@fazcu.in;True;$2a$10$HdQfU7GJ8xTh7V23joLEe.qcySJz./z6bO0NKfJLNwbkfRYG9mXbu;en;2019-03-01 11:16:45.079;system;system
17696;Frederick;Farmer;pe@zelile.lu;pe@zelile.lu;True;$2a$10$HdQfU7GJ8xTh7V23joLEe.qcySJz./z6bO0NKfJLNwbkfRYG9mXbu;en;2019-03-01 11:16:45.079;system;system
17076;Theodore;Nguyen;ha@nu.at;ha@nu.at;True;$2a$10$HdQfU7GJ8xTh7V23joLEe.qcySJz./z6bO0NKfJLNwbkfRYG9mXbu;en;2019-03-01 11:16:45.079;system;system
17827;Eleanor;McDonald;sifugiler@gadhak.ng;sifugiler@gadhak.ng;True;$2a$10$HdQfU7GJ8xTh7V23joLEe.qcySJz./z6bO0NKfJLNwbkfRYG9mXbu;en;2019-03-01 11:16:45.079;system;system
16265;Jon;Garza;gi@codpezwu.np;gi@codpezwu.np;True;$2a$10$HdQfU7GJ8xTh7V23joLEe.qcySJz./z6bO0NKfJLNwbkfRYG9mXbu;en;2019-03-01 11:16:45.079;system;system
17880;Glen;Riley;unipiuni@bi.pe;unipiuni@bi.pe;True;$2a$10$HdQfU7GJ8xTh7V23joLEe.qcySJz./z6bO0NKfJLNwbkfRYG9mXbu;en;2019-03-01 11:16:45.079;system;system
13000;Susie;Riley;dih@to.ua;dih@to.ua;True;$2a$10$HdQfU7GJ8xTh7V23joLEe.qcySJz./z6bO0NKfJLNwbkfRYG9mXbu;en;2019-03-01 11:16:45.079;system;system
17790;Benjamin;Benson;duokomif@cupan.eg;duokomif@cupan.eg;True;$2a$10$HdQfU7GJ8xTh7V23joLEe.qcySJz./z6bO0NKfJLNwbkfRYG9mXbu;en;2019-03-01 11:16:45.079;system;system
12731;Eliza;Mason;vud@pillama.rs;vud@pillama.rs;True;$2a$10$HdQfU7GJ8xTh7V23joLEe.qcySJz./z6bO0NKfJLNwbkfRYG9mXbu;en;2019-03-01 11:16:45.079;system;system
14419;Polly;Foster;zemer@halomwe.hm;zemer@halomwe.hm;True;$2a$10$HdQfU7GJ8xTh7V23joLEe.qcySJz./z6bO0NKfJLNwbkfRYG9mXbu;en;2019-03-01 11:16:45.079;system;system
14082;Bryan;Reyes;da@moum.pr;da@moum.pr;True;$2a$10$HdQfU7GJ8xTh7V23joLEe.qcySJz./z6bO0NKfJLNwbkfRYG9mXbu;en;2019-03-01 11:16:45.079;system;system
17912;Troy;Bryan;to@eriufkim.ch;to@eriufkim.ch;True;$2a$10$HdQfU7GJ8xTh7V23joLEe.qcySJz./z6bO0NKfJLNwbkfRYG9mXbu;en;2019-03-01 11:16:45.079;system;system
15723;Nathaniel;Barber;cowdok@biwne.ua;cowdok@biwne.ua;True;$2a$10$HdQfU7GJ8xTh7V23joLEe.qcySJz./z6bO0NKfJLNwbkfRYG9mXbu;en;2019-03-01 11:16:45.079;system;system
16656;Dora;Perkins;betudem@ritsumsa.lc;betudem@ritsumsa.lc;True;$2a$10$HdQfU7GJ8xTh7V23joLEe.qcySJz./z6bO0NKfJLNwbkfRYG9mXbu;en;2019-03-01 11:16:45.079;system;system
14037;Vernon;Powell;wuta@wehela.io;wuta@wehela.io;True;$2a$10$HdQfU7GJ8xTh7V23joLEe.qcySJz./z6bO0NKfJLNwbkfRYG9mXbu;en;2019-03-01 11:16:45.079;system;system
14256;Peter;Neal;gomceme@amli.ve;gomceme@amli.ve;True;$2a$10$HdQfU7GJ8xTh7V23joLEe.qcySJz./z6bO0NKfJLNwbkfRYG9mXbu;en;2019-03-01 11:16:45.079;system;system
14543;Jennie;Stevenson;otikorep@wav.sh;otikorep@wav.sh;True;$2a$10$HdQfU7GJ8xTh7V23joLEe.qcySJz./z6bO0NKfJLNwbkfRYG9mXbu;en;2019-03-01 11:16:45.079;system;system
16062;Milton;Drake;wire@ukoam.ht;wire@ukoam.ht;True;$2a$10$HdQfU7GJ8xTh7V23joLEe.qcySJz./z6bO0NKfJLNwbkfRYG9mXbu;en;2019-03-01 11:16:45.079;system;system
18116;Randall;Kennedy;uhiso@fe.cf;uhiso@fe.cf;True;$2a$10$HdQfU7GJ8xTh7V23joLEe.qcySJz./z6bO0NKfJLNwbkfRYG9mXbu;en;2019-03-01 11:16:45.079;system;system
16019;Patrick;Pratt;odikujuj@suscakna.uz;odikujuj@suscakna.uz;True;$2a$10$HdQfU7GJ8xTh7V23joLEe.qcySJz./z6bO0NKfJLNwbkfRYG9mXbu;en;2019-03-01 11:16:45.079;system;system
18178;Clara;King;uco@nonojki.do;uco@nonojki.do;True;$2a$10$HdQfU7GJ8xTh7V23joLEe.qcySJz./z6bO0NKfJLNwbkfRYG9mXbu;en;2019-03-01 11:16:45.079;system;system
18065;Inez;Underwood;taudu@gugzevuju.ba;taudu@gugzevuju.ba;True;$2a$10$HdQfU7GJ8xTh7V23joLEe.qcySJz./z6bO0NKfJLNwbkfRYG9mXbu;en;2019-03-01 11:16:45.079;system;system
13148;Hester;Rivera;emde@us.ke;emde@us.ke;True;$2a$10$HdQfU7GJ8xTh7V23joLEe.qcySJz./z6bO0NKfJLNwbkfRYG9mXbu;en;2019-03-01 11:16:45.079;system;system
12989;Lina;Perkins;jiw@figap.mg;jiw@figap.mg;True;$2a$10$HdQfU7GJ8xTh7V23joLEe.qcySJz./z6bO0NKfJLNwbkfRYG9mXbu;en;2019-03-01 11:16:45.079;system;system
14107;Kenneth;Jennings;makjuiz@gavvaf.cx;makjuiz@gavvaf.cx;True;$2a$10$HdQfU7GJ8xTh7V23joLEe.qcySJz./z6bO0NKfJLNwbkfRYG9mXbu;en;2019-03-01 11:16:45.079;system;system
15881;Henrietta;Hernandez;ce@cim.hn;ce@cim.hn;True;$2a$10$HdQfU7GJ8xTh7V23joLEe.qcySJz./z6bO0NKfJLNwbkfRYG9mXbu;en;2019-03-01 11:16:45.079;system;system
12785;Randy;Ferguson;utlidro@sav.td;utlidro@sav.td;True;$2a$10$HdQfU7GJ8xTh7V23joLEe.qcySJz./z6bO0NKfJLNwbkfRYG9mXbu;en;2019-03-01 11:16:45.079;system;system
16727;Jerome;Ramirez;cegerruz@janfuki.tf;cegerruz@janfuki.tf;True;$2a$10$HdQfU7GJ8xTh7V23joLEe.qcySJz./z6bO0NKfJLNwbkfRYG9mXbu;en;2019-03-01 11:16:45.079;system;system
15514;John;Hubbard;ivunu@ewdov.cd;ivunu@ewdov.cd;True;$2a$10$HdQfU7GJ8xTh7V23joLEe.qcySJz./z6bO0NKfJLNwbkfRYG9mXbu;en;2019-03-01 11:16:45.079;system;system
13787;Ruth;Terry;imojo@bikeega.gd;imojo@bikeega.gd;True;$2a$10$HdQfU7GJ8xTh7V23joLEe.qcySJz./z6bO0NKfJLNwbkfRYG9mXbu;en;2019-03-01 11:16:45.079;system;system
17865;Allen;White;ho@iri.ua;ho@iri.ua;True;$2a$10$HdQfU7GJ8xTh7V23joLEe.qcySJz./z6bO0NKfJLNwbkfRYG9mXbu;en;2019-03-01 11:16:45.079;system;system
17220;Willie;Ferguson;do@le.tg;do@le.tg;True;$2a$10$HdQfU7GJ8xTh7V23joLEe.qcySJz./z6bO0NKfJLNwbkfRYG9mXbu;en;2019-03-01 11:16:45.079;system;system
16565;Madge;Ramsey;loonugur@atevoku.ne;loonugur@atevoku.ne;True;$2a$10$HdQfU7GJ8xTh7V23joLEe.qcySJz./z6bO0NKfJLNwbkfRYG9mXbu;en;2019-03-01 11:16:45.079;system;system
16873;Mark;Robertson;akitoado@kuzeg.sy;akitoado@kuzeg.sy;True;$2a$10$HdQfU7GJ8xTh7V23joLEe.qcySJz./z6bO0NKfJLNwbkfRYG9mXbu;en;2019-03-01 11:16:45.079;system;system
14062;Olga;Weaver;getod@laz.sb;getod@laz.sb;True;$2a$10$HdQfU7GJ8xTh7V23joLEe.qcySJz./z6bO0NKfJLNwbkfRYG9mXbu;en;2019-03-01 11:16:45.079;system;system
15179;Evan;Reynolds;zuakmup@seb.ae;zuakmup@seb.ae;True;$2a$10$HdQfU7GJ8xTh7V23joLEe.qcySJz./z6bO0NKfJLNwbkfRYG9mXbu;en;2019-03-01 11:16:45.079;system;system
18016;Georgie;Gray;icojeos@alzo.ae;icojeos@alzo.ae;True;$2a$10$HdQfU7GJ8xTh7V23joLEe.qcySJz./z6bO0NKfJLNwbkfRYG9mXbu;en;2019-03-01 11:16:45.079;system;system
14448;Tom;Weber;mutek@jep.bz;mutek@jep.bz;True;$2a$10$HdQfU7GJ8xTh7V23joLEe.qcySJz./z6bO0NKfJLNwbkfRYG9mXbu;en;2019-03-01 11:16:45.079;system;system
15503;Marion;Adams;tuw@af.md;tuw@af.md;True;$2a$10$HdQfU7GJ8xTh7V23joLEe.qcySJz./z6bO0NKfJLNwbkfRYG9mXbu;en;2019-03-01 11:16:45.079;system;system
17251;Mabelle;Norris;bok@hipowot.ga;bok@hipowot.ga;True;$2a$10$HdQfU7GJ8xTh7V23joLEe.qcySJz./z6bO0NKfJLNwbkfRYG9mXbu;en;2019-03-01 11:16:45.079;system;system
16923;Juan;Gutierrez;witrugvi@uloducnu.ga;witrugvi@uloducnu.ga;True;$2a$10$HdQfU7GJ8xTh7V23joLEe.qcySJz./z6bO0NKfJLNwbkfRYG9mXbu;en;2019-03-01 11:16:45.079;system;system
14159;Lewis;Sanchez;las@nidesle.vu;las@nidesle.vu;True;$2a$10$HdQfU7GJ8xTh7V23joLEe.qcySJz./z6bO0NKfJLNwbkfRYG9mXbu;en;2019-03-01 11:16:45.079;system;system
17126;Ethan;Morgan;funizani@ude.ee;funizani@ude.ee;True;$2a$10$HdQfU7GJ8xTh7V23joLEe.qcySJz./z6bO0NKfJLNwbkfRYG9mXbu;en;2019-03-01 11:16:45.079;system;system
15224;Alejandro;Porter;pefipeb@upinave.py;pefipeb@upinave.py;True;$2a$10$HdQfU7GJ8xTh7V23joLEe.qcySJz./z6bO0NKfJLNwbkfRYG9mXbu;en;2019-03-01 11:16:45.079;system;system
14577;Rachel;Henry;esi@ohusot.io;esi@ohusot.io;True;$2a$10$HdQfU7GJ8xTh7V23joLEe.qcySJz./z6bO0NKfJLNwbkfRYG9mXbu;en;2019-03-01 11:16:45.079;system;system
12753;Louisa;Goodman;kavfafiw@jatakoj.mm;kavfafiw@jatakoj.mm;True;$2a$10$HdQfU7GJ8xTh7V23joLEe.qcySJz./z6bO0NKfJLNwbkfRYG9mXbu;en;2019-03-01 11:16:45.079;system;system
17236;Elva;Clark;wug@ote.cf;wug@ote.cf;True;$2a$10$HdQfU7GJ8xTh7V23joLEe.qcySJz./z6bO0NKfJLNwbkfRYG9mXbu;en;2019-03-01 11:16:45.079;system;system
17372;Mamie;Cross;howcuej@zisraz.cn;howcuej@zisraz.cn;True;$2a$10$HdQfU7GJ8xTh7V23joLEe.qcySJz./z6bO0NKfJLNwbkfRYG9mXbu;en;2019-03-01 11:16:45.079;system;system
16367;Hester;Murray;pi@maj.eh;pi@maj.eh;True;$2a$10$HdQfU7GJ8xTh7V23joLEe.qcySJz./z6bO0NKfJLNwbkfRYG9mXbu;en;2019-03-01 11:16:45.079;system;system
12875;Alberta;Johnston;riwojiizi@mebfuf.no;riwojiizi@mebfuf.no;True;$2a$10$HdQfU7GJ8xTh7V23joLEe.qcySJz./z6bO0NKfJLNwbkfRYG9mXbu;en;2019-03-01 11:16:45.079;system;system
17917;Rosalie;Bennett;omevi@wej.pr;omevi@wej.pr;True;$2a$10$HdQfU7GJ8xTh7V23joLEe.qcySJz./z6bO0NKfJLNwbkfRYG9mXbu;en;2019-03-01 11:16:45.079;system;system
16010;Elnora;Mullins;wipkafef@zej.ag;wipkafef@zej.ag;True;$2a$10$HdQfU7GJ8xTh7V23joLEe.qcySJz./z6bO0NKfJLNwbkfRYG9mXbu;en;2019-03-01 11:16:45.079;system;system
17085;Luella;Chavez;mazetwot@gohomon.nl;mazetwot@gohomon.nl;True;$2a$10$HdQfU7GJ8xTh7V23joLEe.qcySJz./z6bO0NKfJLNwbkfRYG9mXbu;en;2019-03-01 11:16:45.079;system;system
13668;Violet;Day;ecopinvi@pifmu.af;ecopinvi@pifmu.af;True;$2a$10$HdQfU7GJ8xTh7V23joLEe.qcySJz./z6bO0NKfJLNwbkfRYG9mXbu;en;2019-03-01 11:16:45.079;system;system
14684;Evan;Wagner;hu@galiwna.tm;hu@galiwna.tm;True;$2a$10$HdQfU7GJ8xTh7V23joLEe.qcySJz./z6bO0NKfJLNwbkfRYG9mXbu;en;2019-03-01 11:16:45.079;system;system
17188;Delia;Bates;bewhif@darvoma.tv;bewhif@darvoma.tv;True;$2a$10$HdQfU7GJ8xTh7V23joLEe.qcySJz./z6bO0NKfJLNwbkfRYG9mXbu;en;2019-03-01 11:16:45.079;system;system
15547;Alice;Nichols;ju@le.nl;ju@le.nl;True;$2a$10$HdQfU7GJ8xTh7V23joLEe.qcySJz./z6bO0NKfJLNwbkfRYG9mXbu;en;2019-03-01 11:16:45.079;system;system
15998;Lillian;Harris;satubi@fib.fi;satubi@fib.fi;True;$2a$10$HdQfU7GJ8xTh7V23joLEe.qcySJz./z6bO0NKfJLNwbkfRYG9mXbu;en;2019-03-01 11:16:45.079;system;system
14413;Howard;Mullins;duf@zi.cr;duf@zi.cr;True;$2a$10$HdQfU7GJ8xTh7V23joLEe.qcySJz./z6bO0NKfJLNwbkfRYG9mXbu;en;2019-03-01 11:16:45.079;system;system
18004;Leo;Ryan;li@azemoke.dm;li@azemoke.dm;True;$2a$10$HdQfU7GJ8xTh7V23joLEe.qcySJz./z6bO0NKfJLNwbkfRYG9mXbu;en;2019-03-01 11:16:45.079;system;system
13959;Julia;Bailey;kuwiv@kara.nr;kuwiv@kara.nr;True;$2a$10$HdQfU7GJ8xTh7V23joLEe.qcySJz./z6bO0NKfJLNwbkfRYG9mXbu;en;2019-03-01 11:16:45.079;system;system
16665;Edgar;Wheeler;mijut@wuzwukat.al;mijut@wuzwukat.al;True;$2a$10$HdQfU7GJ8xTh7V23joLEe.qcySJz./z6bO0NKfJLNwbkfRYG9mXbu;en;2019-03-01 11:16:45.079;system;system
15454;Mina;Carpenter;ju@emvet.vi;ju@emvet.vi;True;$2a$10$HdQfU7GJ8xTh7V23joLEe.qcySJz./z6bO0NKfJLNwbkfRYG9mXbu;en;2019-03-01 11:16:45.079;system;system
15044;Margaret;Spencer;woib@wikek.rw;woib@wikek.rw;True;$2a$10$HdQfU7GJ8xTh7V23joLEe.qcySJz./z6bO0NKfJLNwbkfRYG9mXbu;en;2019-03-01 11:16:45.079;system;system
17937;Peter;Ramsey;bu@vez.tm;bu@vez.tm;True;$2a$10$HdQfU7GJ8xTh7V23joLEe.qcySJz./z6bO0NKfJLNwbkfRYG9mXbu;en;2019-03-01 11:16:45.079;system;system
14608;Harriett;Jordan;ebgudzep@sidugu.ca;ebgudzep@sidugu.ca;True;$2a$10$HdQfU7GJ8xTh7V23joLEe.qcySJz./z6bO0NKfJLNwbkfRYG9mXbu;en;2019-03-01 11:16:45.079;system;system
17618;Myrtie;Ellis;da@ewonab.pf;da@ewonab.pf;True;$2a$10$HdQfU7GJ8xTh7V23joLEe.qcySJz./z6bO0NKfJLNwbkfRYG9mXbu;en;2019-03-01 11:16:45.079;system;system
14505;Lily;Sharp;purawze@li.sd;purawze@li.sd;True;$2a$10$HdQfU7GJ8xTh7V23joLEe.qcySJz./z6bO0NKfJLNwbkfRYG9mXbu;en;2019-03-01 11:16:45.079;system;system
18037;Cordelia;Neal;kubobug@lisal.hu;kubobug@lisal.hu;True;$2a$10$HdQfU7GJ8xTh7V23joLEe.qcySJz./z6bO0NKfJLNwbkfRYG9mXbu;en;2019-03-01 11:16:45.079;system;system
13198;Bertha;Saunders;jo@vah.mk;jo@vah.mk;True;$2a$10$HdQfU7GJ8xTh7V23joLEe.qcySJz./z6bO0NKfJLNwbkfRYG9mXbu;en;2019-03-01 11:16:45.079;system;system
12540;Myrtle;Banks;gaw@rasij.bo;gaw@rasij.bo;True;$2a$10$HdQfU7GJ8xTh7V23joLEe.qcySJz./z6bO0NKfJLNwbkfRYG9mXbu;en;2019-03-01 11:16:45.079;system;system
13225;Gavin;Sims;soat@bavluf.de;soat@bavluf.de;True;$2a$10$HdQfU7GJ8xTh7V23joLEe.qcySJz./z6bO0NKfJLNwbkfRYG9mXbu;en;2019-03-01 11:16:45.079;system;system
15361;Lou;Phelps;peuga@gon.uz;peuga@gon.uz;True;$2a$10$HdQfU7GJ8xTh7V23joLEe.qcySJz./z6bO0NKfJLNwbkfRYG9mXbu;en;2019-03-01 11:16:45.079;system;system
15689;Helena;Sims;erde@iwaow.kr;erde@iwaow.kr;True;$2a$10$HdQfU7GJ8xTh7V23joLEe.qcySJz./z6bO0NKfJLNwbkfRYG9mXbu;en;2019-03-01 11:16:45.079;system;system
14290;Lou;Mills;litum@odloj.dm;litum@odloj.dm;True;$2a$10$HdQfU7GJ8xTh7V23joLEe.qcySJz./z6bO0NKfJLNwbkfRYG9mXbu;en;2019-03-01 11:16:45.079;system;system
13209;Grace;Rowe;teijji@oko.il;teijji@oko.il;True;$2a$10$HdQfU7GJ8xTh7V23joLEe.qcySJz./z6bO0NKfJLNwbkfRYG9mXbu;en;2019-03-01 11:16:45.079;system;system
13999;Francis;Larson;nuw@zoh.ph;nuw@zoh.ph;True;$2a$10$HdQfU7GJ8xTh7V23joLEe.qcySJz./z6bO0NKfJLNwbkfRYG9mXbu;en;2019-03-01 11:16:45.079;system;system
14498;Jeffrey;Brown;fi@jus.gm;fi@jus.gm;True;$2a$10$HdQfU7GJ8xTh7V23joLEe.qcySJz./z6bO0NKfJLNwbkfRYG9mXbu;en;2019-03-01 11:16:45.079;system;system
15854;Nannie;Murphy;ujizoata@icinu.cx;ujizoata@icinu.cx;True;$2a$10$HdQfU7GJ8xTh7V23joLEe.qcySJz./z6bO0NKfJLNwbkfRYG9mXbu;en;2019-03-01 11:16:45.079;system;system
16701;Ollie;Luna;popum@werahi.mt;popum@werahi.mt;True;$2a$10$HdQfU7GJ8xTh7V23joLEe.qcySJz./z6bO0NKfJLNwbkfRYG9mXbu;en;2019-03-01 11:16:45.079;system;system
16927;Emily;Hardy;irwawzap@labmup.bz;irwawzap@labmup.bz;True;$2a$10$HdQfU7GJ8xTh7V23joLEe.qcySJz./z6bO0NKfJLNwbkfRYG9mXbu;en;2019-03-01 11:16:45.079;system;system
17990;Mollie;Wilkins;dofmih@gioche.co.uk;dofmih@gioche.co.uk;True;$2a$10$HdQfU7GJ8xTh7V23joLEe.qcySJz./z6bO0NKfJLNwbkfRYG9mXbu;en;2019-03-01 11:16:45.079;system;system
14544;Ola;Wong;sapohel@jovane.lt;sapohel@jovane.lt;True;$2a$10$HdQfU7GJ8xTh7V23joLEe.qcySJz./z6bO0NKfJLNwbkfRYG9mXbu;en;2019-03-01 11:16:45.079;system;system
17338;Violet;Manning;ivgedba@hiko.se;ivgedba@hiko.se;True;$2a$10$HdQfU7GJ8xTh7V23joLEe.qcySJz./z6bO0NKfJLNwbkfRYG9mXbu;en;2019-03-01 11:16:45.079;system;system
17231;Mae;Payne;cigufce@bewdu.me;cigufce@bewdu.me;True;$2a$10$HdQfU7GJ8xTh7V23joLEe.qcySJz./z6bO0NKfJLNwbkfRYG9mXbu;en;2019-03-01 11:16:45.079;system;system
17799;Dominic;Schultz;geateci@buk.ma;geateci@buk.ma;True;$2a$10$HdQfU7GJ8xTh7V23joLEe.qcySJz./z6bO0NKfJLNwbkfRYG9mXbu;en;2019-03-01 11:16:45.079;system;system
14565;Bettie;Barker;ufrado@bamvatnuv.pf;ufrado@bamvatnuv.pf;True;$2a$10$HdQfU7GJ8xTh7V23joLEe.qcySJz./z6bO0NKfJLNwbkfRYG9mXbu;en;2019-03-01 11:16:45.079;system;system
16726;Roy;Walters;ojo@saahner.ai;ojo@saahner.ai;True;$2a$10$HdQfU7GJ8xTh7V23joLEe.qcySJz./z6bO0NKfJLNwbkfRYG9mXbu;en;2019-03-01 11:16:45.079;system;system
17303;Marc;Gilbert;kechekrun@irmofeh.bb;kechekrun@irmofeh.bb;True;$2a$10$HdQfU7GJ8xTh7V23joLEe.qcySJz./z6bO0NKfJLNwbkfRYG9mXbu;en;2019-03-01 11:16:45.079;system;system
14639;Katie;Stanley;usti@cuk.pa;usti@cuk.pa;True;$2a$10$HdQfU7GJ8xTh7V23joLEe.qcySJz./z6bO0NKfJLNwbkfRYG9mXbu;en;2019-03-01 11:16:45.079;system;system
17611;Bertie;Leonard;piwfu@hogwuv.dk;piwfu@hogwuv.dk;True;$2a$10$HdQfU7GJ8xTh7V23joLEe.qcySJz./z6bO0NKfJLNwbkfRYG9mXbu;en;2019-03-01 11:16:45.079;system;system
17179;Josephine;Newton;ocu@fegun.ax;ocu@fegun.ax;True;$2a$10$HdQfU7GJ8xTh7V23joLEe.qcySJz./z6bO0NKfJLNwbkfRYG9mXbu;en;2019-03-01 11:16:45.079;system;system
17524;Roxie;Miles;wu@bukcit.kh;wu@bukcit.kh;True;$2a$10$HdQfU7GJ8xTh7V23joLEe.qcySJz./z6bO0NKfJLNwbkfRYG9mXbu;en;2019-03-01 11:16:45.079;system;system
12476;Frances;Rodriguez;hotkoabo@taolbi.tt;hotkoabo@taolbi.tt;True;$2a$10$HdQfU7GJ8xTh7V23joLEe.qcySJz./z6bO0NKfJLNwbkfRYG9mXbu;en;2019-03-01 11:16:45.079;system;system
17293;Gavin;Little;wuacoito@hubi.si;wuacoito@hubi.si;True;$2a$10$HdQfU7GJ8xTh7V23joLEe.qcySJz./z6bO0NKfJLNwbkfRYG9mXbu;en;2019-03-01 11:16:45.079;system;system
17890;Miguel;Russell;laguzamu@vuglin.gf;laguzamu@vuglin.gf;True;$2a$10$HdQfU7GJ8xTh7V23joLEe.qcySJz./z6bO0NKfJLNwbkfRYG9mXbu;en;2019-03-01 11:16:45.079;system;system
17375;Mable;Obrien;eju@ugiz.sh;eju@ugiz.sh;True;$2a$10$HdQfU7GJ8xTh7V23joLEe.qcySJz./z6bO0NKfJLNwbkfRYG9mXbu;en;2019-03-01 11:16:45.079;system;system
17371;Olive;McGee;te@ne.gd;te@ne.gd;True;$2a$10$HdQfU7GJ8xTh7V23joLEe.qcySJz./z6bO0NKfJLNwbkfRYG9mXbu;en;2019-03-01 11:16:45.079;system;system
17969;Paul;McCoy;an@oka.pe;an@oka.pe;True;$2a$10$HdQfU7GJ8xTh7V23joLEe.qcySJz./z6bO0NKfJLNwbkfRYG9mXbu;en;2019-03-01 11:16:45.079;system;system
15159;Curtis;Reid;ewigaz@awu.io;ewigaz@awu.io;True;$2a$10$HdQfU7GJ8xTh7V23joLEe.qcySJz./z6bO0NKfJLNwbkfRYG9mXbu;en;2019-03-01 11:16:45.079;system;system
13211;Mabel;Curtis;woc@wavcezpe.jo;woc@wavcezpe.jo;True;$2a$10$HdQfU7GJ8xTh7V23joLEe.qcySJz./z6bO0NKfJLNwbkfRYG9mXbu;en;2019-03-01 11:16:45.079;system;system
15777;Terry;Osborne;lelomki@corhid.bj;lelomki@corhid.bj;True;$2a$10$HdQfU7GJ8xTh7V23joLEe.qcySJz./z6bO0NKfJLNwbkfRYG9mXbu;en;2019-03-01 11:16:45.079;system;system
14525;Sam;Martin;to@zafaw.ua;to@zafaw.ua;True;$2a$10$HdQfU7GJ8xTh7V23joLEe.qcySJz./z6bO0NKfJLNwbkfRYG9mXbu;en;2019-03-01 11:16:45.079;system;system
13324;Philip;Rice;ci@figgurba.om;ci@figgurba.om;True;$2a$10$HdQfU7GJ8xTh7V23joLEe.qcySJz./z6bO0NKfJLNwbkfRYG9mXbu;en;2019-03-01 11:16:45.079;system;system
13802;Ellen;Webster;gewget@oki.lt;gewget@oki.lt;True;$2a$10$HdQfU7GJ8xTh7V23joLEe.qcySJz./z6bO0NKfJLNwbkfRYG9mXbu;en;2019-03-01 11:16:45.079;system;system
13948;Sally;Chavez;tazha@iwa.at;tazha@iwa.at;True;$2a$10$HdQfU7GJ8xTh7V23joLEe.qcySJz./z6bO0NKfJLNwbkfRYG9mXbu;en;2019-03-01 11:16:45.079;system;system
13008;Dora;Chambers;va@pammundo.ie;va@pammundo.ie;True;$2a$10$HdQfU7GJ8xTh7V23joLEe.qcySJz./z6bO0NKfJLNwbkfRYG9mXbu;en;2019-03-01 11:16:45.079;system;system
14206;Larry;Gonzalez;gop@tavru.er;gop@tavru.er;True;$2a$10$HdQfU7GJ8xTh7V23joLEe.qcySJz./z6bO0NKfJLNwbkfRYG9mXbu;en;2019-03-01 11:16:45.079;system;system
16202;Grace;Mason;uckup@voibela.jm;uckup@voibela.jm;True;$2a$10$HdQfU7GJ8xTh7V23joLEe.qcySJz./z6bO0NKfJLNwbkfRYG9mXbu;en;2019-03-01 11:16:45.079;system;system
16442;Bernice;Gardner;dafhaz@nit.er;dafhaz@nit.er;True;$2a$10$HdQfU7GJ8xTh7V23joLEe.qcySJz./z6bO0NKfJLNwbkfRYG9mXbu;en;2019-03-01 11:16:45.079;system;system
18075;Jean;Morales;tap@jetuda.bo;tap@jetuda.bo;True;$2a$10$HdQfU7GJ8xTh7V23joLEe.qcySJz./z6bO0NKfJLNwbkfRYG9mXbu;en;2019-03-01 11:16:45.079;system;system
15468;Carl;Mack;ju@du.sz;ju@du.sz;True;$2a$10$HdQfU7GJ8xTh7V23joLEe.qcySJz./z6bO0NKfJLNwbkfRYG9mXbu;en;2019-03-01 11:16:45.079;system;system
16570;Minerva;Alexander;evu@hadivone.mh;evu@hadivone.mh;True;$2a$10$HdQfU7GJ8xTh7V23joLEe.qcySJz./z6bO0NKfJLNwbkfRYG9mXbu;en;2019-03-01 11:16:45.079;system;system
14524;Daisy;Turner;balibne@zi.sk;balibne@zi.sk;True;$2a$10$HdQfU7GJ8xTh7V23joLEe.qcySJz./z6bO0NKfJLNwbkfRYG9mXbu;en;2019-03-01 11:16:45.079;system;system
18141;Ruth;Ortiz;vawzokvi@uwanik.kw;vawzokvi@uwanik.kw;True;$2a$10$HdQfU7GJ8xTh7V23joLEe.qcySJz./z6bO0NKfJLNwbkfRYG9mXbu;en;2019-03-01 11:16:45.079;system;system
12434;Juan;Hines;vu@izu.cy;vu@izu.cy;True;$2a$10$HdQfU7GJ8xTh7V23joLEe.qcySJz./z6bO0NKfJLNwbkfRYG9mXbu;en;2019-03-01 11:16:45.079;system;system
16810;Mathilda;Paul;nefizowu@kecot.ws;nefizowu@kecot.ws;True;$2a$10$HdQfU7GJ8xTh7V23joLEe.qcySJz./z6bO0NKfJLNwbkfRYG9mXbu;en;2019-03-01 11:16:45.079;system;system
14961;Alice;Byrd;teanaso@sibjawpu.ao;teanaso@sibjawpu.ao;True;$2a$10$HdQfU7GJ8xTh7V23joLEe.qcySJz./z6bO0NKfJLNwbkfRYG9mXbu;en;2019-03-01 11:16:45.079;system;system
17041;Nora;Norris;asumof@vu.se;asumof@vu.se;True;$2a$10$HdQfU7GJ8xTh7V23joLEe.qcySJz./z6bO0NKfJLNwbkfRYG9mXbu;en;2019-03-01 11:16:45.079;system;system
16458;Lula;Riley;diliv@noina.lc;diliv@noina.lc;True;$2a$10$HdQfU7GJ8xTh7V23joLEe.qcySJz./z6bO0NKfJLNwbkfRYG9mXbu;en;2019-03-01 11:16:45.079;system;system
16083;Gabriel;Campbell;okoolab@ka.gd;okoolab@ka.gd;True;$2a$10$HdQfU7GJ8xTh7V23joLEe.qcySJz./z6bO0NKfJLNwbkfRYG9mXbu;en;2019-03-01 11:16:45.079;system;system
16262;Paul;Gill;cebofis@ceselgew.kg;cebofis@ceselgew.kg;True;$2a$10$HdQfU7GJ8xTh7V23joLEe.qcySJz./z6bO0NKfJLNwbkfRYG9mXbu;en;2019-03-01 11:16:45.079;system;system
17194;Cora;Bush;jaharu@voz.th;jaharu@voz.th;True;$2a$10$HdQfU7GJ8xTh7V23joLEe.qcySJz./z6bO0NKfJLNwbkfRYG9mXbu;en;2019-03-01 11:16:45.079;system;system
14057;Travis;Padilla;zi@fanimed.pf;zi@fanimed.pf;True;$2a$10$HdQfU7GJ8xTh7V23joLEe.qcySJz./z6bO0NKfJLNwbkfRYG9mXbu;en;2019-03-01 11:16:45.079;system;system
14871;Hunter;Hunter;holwuwtic@ral.th;holwuwtic@ral.th;True;$2a$10$HdQfU7GJ8xTh7V23joLEe.qcySJz./z6bO0NKfJLNwbkfRYG9mXbu;en;2019-03-01 11:16:45.079;system;system
13178;Dustin;Banks;mu@ovo.cl;mu@ovo.cl;True;$2a$10$HdQfU7GJ8xTh7V23joLEe.qcySJz./z6bO0NKfJLNwbkfRYG9mXbu;en;2019-03-01 11:16:45.079;system;system
18044;Bess;Duncan;kanabale@wuf.mx;kanabale@wuf.mx;True;$2a$10$HdQfU7GJ8xTh7V23joLEe.qcySJz./z6bO0NKfJLNwbkfRYG9mXbu;en;2019-03-01 11:16:45.079;system;system
16812;Lenora;Phelps;god@azaaloupo.ar;god@azaaloupo.ar;True;$2a$10$HdQfU7GJ8xTh7V23joLEe.qcySJz./z6bO0NKfJLNwbkfRYG9mXbu;en;2019-03-01 11:16:45.079;system;system
16191;Hilda;Williams;alika@tizotom.gn;alika@tizotom.gn;True;$2a$10$HdQfU7GJ8xTh7V23joLEe.qcySJz./z6bO0NKfJLNwbkfRYG9mXbu;en;2019-03-01 11:16:45.079;system;system
12370;Christina;Mendez;mozvi@nokdicdor.gu;mozvi@nokdicdor.gu;True;$2a$10$HdQfU7GJ8xTh7V23joLEe.qcySJz./z6bO0NKfJLNwbkfRYG9mXbu;en;2019-03-01 11:16:45.079;system;system
14298;Lester;Meyer;vo@naw.vn;vo@naw.vn;True;$2a$10$HdQfU7GJ8xTh7V23joLEe.qcySJz./z6bO0NKfJLNwbkfRYG9mXbu;en;2019-03-01 11:16:45.079;system;system
17158;Cody;Houston;filguzo@vo.mm;filguzo@vo.mm;True;$2a$10$HdQfU7GJ8xTh7V23joLEe.qcySJz./z6bO0NKfJLNwbkfRYG9mXbu;en;2019-03-01 11:16:45.079;system;system
14415;Genevieve;Walker;ativerez@agu.pa;ativerez@agu.pa;True;$2a$10$HdQfU7GJ8xTh7V23joLEe.qcySJz./z6bO0NKfJLNwbkfRYG9mXbu;en;2019-03-01 11:16:45.079;system;system
16899;Antonio;Ballard;ku@muiwu.an;ku@muiwu.an;True;$2a$10$HdQfU7GJ8xTh7V23joLEe.qcySJz./z6bO0NKfJLNwbkfRYG9mXbu;en;2019-03-01 11:16:45.079;system;system
16531;Jane;Pope;edjile@junfigva.mm;edjile@junfigva.mm;True;$2a$10$HdQfU7GJ8xTh7V23joLEe.qcySJz./z6bO0NKfJLNwbkfRYG9mXbu;en;2019-03-01 11:16:45.079;system;system
17404;Aiden;Knight;kuztiw@inutidbi.bm;kuztiw@inutidbi.bm;True;$2a$10$HdQfU7GJ8xTh7V23joLEe.qcySJz./z6bO0NKfJLNwbkfRYG9mXbu;en;2019-03-01 11:16:45.079;system;system
16556;Barbara;Park;vopvotdec@kovlupesi.pm;vopvotdec@kovlupesi.pm;True;$2a$10$HdQfU7GJ8xTh7V23joLEe.qcySJz./z6bO0NKfJLNwbkfRYG9mXbu;en;2019-03-01 11:16:45.079;system;system
16805;Luella;Simmons;uk@zig.ma;uk@zig.ma;True;$2a$10$HdQfU7GJ8xTh7V23joLEe.qcySJz./z6bO0NKfJLNwbkfRYG9mXbu;en;2019-03-01 11:16:45.079;system;system
16503;Vincent;McCoy;luk@tat.mp;luk@tat.mp;True;$2a$10$HdQfU7GJ8xTh7V23joLEe.qcySJz./z6bO0NKfJLNwbkfRYG9mXbu;en;2019-03-01 11:16:45.079;system;system
17739;Jason;McGuire;meot@gipusa.mo;meot@gipusa.mo;True;$2a$10$HdQfU7GJ8xTh7V23joLEe.qcySJz./z6bO0NKfJLNwbkfRYG9mXbu;en;2019-03-01 11:16:45.079;system;system
13238;Gussie;Manning;vuwpig@paote.ua;vuwpig@paote.ua;True;$2a$10$HdQfU7GJ8xTh7V23joLEe.qcySJz./z6bO0NKfJLNwbkfRYG9mXbu;en;2019-03-01 11:16:45.079;system;system
12829;Lillian;Patton;gapinap@torli.mk;gapinap@torli.mk;True;$2a$10$HdQfU7GJ8xTh7V23joLEe.qcySJz./z6bO0NKfJLNwbkfRYG9mXbu;en;2019-03-01 11:16:45.079;system;system
13097;Caleb;McDonald;zeoconov@wowenfor.vu;zeoconov@wowenfor.vu;True;$2a$10$HdQfU7GJ8xTh7V23joLEe.qcySJz./z6bO0NKfJLNwbkfRYG9mXbu;en;2019-03-01 11:16:45.079;system;system
12867;Clifford;Copeland;dajkul@lewa.hu;dajkul@lewa.hu;True;$2a$10$HdQfU7GJ8xTh7V23joLEe.qcySJz./z6bO0NKfJLNwbkfRYG9mXbu;en;2019-03-01 11:16:45.079;system;system
15392;Tyler;Bradley;om@bile.yt;om@bile.yt;True;$2a$10$HdQfU7GJ8xTh7V23joLEe.qcySJz./z6bO0NKfJLNwbkfRYG9mXbu;en;2019-03-01 11:16:45.079;system;system
13846;Ellen;Hopkins;pelhe@dulhuz.co;pelhe@dulhuz.co;True;$2a$10$HdQfU7GJ8xTh7V23joLEe.qcySJz./z6bO0NKfJLNwbkfRYG9mXbu;en;2019-03-01 11:16:45.079;system;system
14401;Johanna;Bridges;avme@guturelo.uk;avme@guturelo.uk;True;$2a$10$HdQfU7GJ8xTh7V23joLEe.qcySJz./z6bO0NKfJLNwbkfRYG9mXbu;en;2019-03-01 11:16:45.079;system;system
16145;Cole;Patterson;backobteg@ce.ru;backobteg@ce.ru;True;$2a$10$HdQfU7GJ8xTh7V23joLEe.qcySJz./z6bO0NKfJLNwbkfRYG9mXbu;en;2019-03-01 11:16:45.079;system;system
17629;Henry;Blair;losajmi@lecutle.in;losajmi@lecutle.in;True;$2a$10$HdQfU7GJ8xTh7V23joLEe.qcySJz./z6bO0NKfJLNwbkfRYG9mXbu;en;2019-03-01 11:16:45.079;system;system
14150;Dylan;Fuller;opocovu@ko.mt;opocovu@ko.mt;True;$2a$10$HdQfU7GJ8xTh7V23joLEe.qcySJz./z6bO0NKfJLNwbkfRYG9mXbu;en;2019-03-01 11:16:45.079;system;system
13496;Jayden;Phelps;ke@lil.tm;ke@lil.tm;True;$2a$10$HdQfU7GJ8xTh7V23joLEe.qcySJz./z6bO0NKfJLNwbkfRYG9mXbu;en;2019-03-01 11:16:45.079;system;system
13611;Phoebe;Day;iraafa@inrojil.so;iraafa@inrojil.so;True;$2a$10$HdQfU7GJ8xTh7V23joLEe.qcySJz./z6bO0NKfJLNwbkfRYG9mXbu;en;2019-03-01 11:16:45.079;system;system
16954;Leo;Mitchell;cawi@uwmod.rw;cawi@uwmod.rw;True;$2a$10$HdQfU7GJ8xTh7V23joLEe.qcySJz./z6bO0NKfJLNwbkfRYG9mXbu;en;2019-03-01 11:16:45.079;system;system
17454;Erik;Quinn;dinodhog@pujacume.it;dinodhog@pujacume.it;True;$2a$10$HdQfU7GJ8xTh7V23joLEe.qcySJz./z6bO0NKfJLNwbkfRYG9mXbu;en;2019-03-01 11:16:45.079;system;system
17449;Charlie;Ortega;ud@mesmustuj.sm;ud@mesmustuj.sm;True;$2a$10$HdQfU7GJ8xTh7V23joLEe.qcySJz./z6bO0NKfJLNwbkfRYG9mXbu;en;2019-03-01 11:16:45.079;system;system
17230;Gordon;Ellis;or@hawgob.rs;or@hawgob.rs;True;$2a$10$HdQfU7GJ8xTh7V23joLEe.qcySJz./z6bO0NKfJLNwbkfRYG9mXbu;en;2019-03-01 11:16:45.079;system;system
12865;Micheal;Fleming;men@mo.ru;men@mo.ru;True;$2a$10$HdQfU7GJ8xTh7V23joLEe.qcySJz./z6bO0NKfJLNwbkfRYG9mXbu;en;2019-03-01 11:16:45.079;system;system
15950;Belle;Huff;cahic@ro.as;cahic@ro.as;True;$2a$10$HdQfU7GJ8xTh7V23joLEe.qcySJz./z6bO0NKfJLNwbkfRYG9mXbu;en;2019-03-01 11:16:45.079;system;system
15512;Chester;Lane;bozim@lanjogro.lv;bozim@lanjogro.lv;True;$2a$10$HdQfU7GJ8xTh7V23joLEe.qcySJz./z6bO0NKfJLNwbkfRYG9mXbu;en;2019-03-01 11:16:45.079;system;system
17525;Don;Paul;iwo@muvami.mr;iwo@muvami.mr;True;$2a$10$HdQfU7GJ8xTh7V23joLEe.qcySJz./z6bO0NKfJLNwbkfRYG9mXbu;en;2019-03-01 11:16:45.079;system;system
13458;Mamie;Chavez;far@alised.kn;far@alised.kn;True;$2a$10$HdQfU7GJ8xTh7V23joLEe.qcySJz./z6bO0NKfJLNwbkfRYG9mXbu;en;2019-03-01 11:16:45.079;system;system
14426;Phillip;Summers;omitebzad@dahkualo.tg;omitebzad@dahkualo.tg;True;$2a$10$HdQfU7GJ8xTh7V23joLEe.qcySJz./z6bO0NKfJLNwbkfRYG9mXbu;en;2019-03-01 11:16:45.079;system;system
16003;Lydia;Frank;iha@gohpasere.ch;iha@gohpasere.ch;True;$2a$10$HdQfU7GJ8xTh7V23joLEe.qcySJz./z6bO0NKfJLNwbkfRYG9mXbu;en;2019-03-01 11:16:45.079;system;system
13092;Benjamin;Adkins;tembo@cesmut.pg;tembo@cesmut.pg;True;$2a$10$HdQfU7GJ8xTh7V23joLEe.qcySJz./z6bO0NKfJLNwbkfRYG9mXbu;en;2019-03-01 11:16:45.079;system;system
13426;Nicholas;Doyle;toilowe@ehefop.org;toilowe@ehefop.org;True;$2a$10$HdQfU7GJ8xTh7V23joLEe.qcySJz./z6bO0NKfJLNwbkfRYG9mXbu;en;2019-03-01 11:16:45.079;system;system
15101;Paul;Chandler;efjo@os.cl;efjo@os.cl;True;$2a$10$HdQfU7GJ8xTh7V23joLEe.qcySJz./z6bO0NKfJLNwbkfRYG9mXbu;en;2019-03-01 11:16:45.079;system;system
17033;Fred;Lambert;pofutju@domijjuf.tp;pofutju@domijjuf.tp;True;$2a$10$HdQfU7GJ8xTh7V23joLEe.qcySJz./z6bO0NKfJLNwbkfRYG9mXbu;en;2019-03-01 11:16:45.079;system;system
13221;Rosalie;Jensen;ab@cuk.gw;ab@cuk.gw;True;$2a$10$HdQfU7GJ8xTh7V23joLEe.qcySJz./z6bO0NKfJLNwbkfRYG9mXbu;en;2019-03-01 11:16:45.079;system;system
14201;Rhoda;Salazar;fajgoap@rihgi.at;fajgoap@rihgi.at;True;$2a$10$HdQfU7GJ8xTh7V23joLEe.qcySJz./z6bO0NKfJLNwbkfRYG9mXbu;en;2019-03-01 11:16:45.079;system;system
17692;Richard;Barnett;ku@wu.ng;ku@wu.ng;True;$2a$10$HdQfU7GJ8xTh7V23joLEe.qcySJz./z6bO0NKfJLNwbkfRYG9mXbu;en;2019-03-01 11:16:45.079;system;system
15822;Antonio;Knight;juftow@ci.fk;juftow@ci.fk;True;$2a$10$HdQfU7GJ8xTh7V23joLEe.qcySJz./z6bO0NKfJLNwbkfRYG9mXbu;en;2019-03-01 11:16:45.079;system;system
16134;Lela;Ray;be@ciufuv.tr;be@ciufuv.tr;True;$2a$10$HdQfU7GJ8xTh7V23joLEe.qcySJz./z6bO0NKfJLNwbkfRYG9mXbu;en;2019-03-01 11:16:45.079;system;system
17551;Mary;Ruiz;jotkudiv@nu.gb;jotkudiv@nu.gb;True;$2a$10$HdQfU7GJ8xTh7V23joLEe.qcySJz./z6bO0NKfJLNwbkfRYG9mXbu;en;2019-03-01 11:16:45.079;system;system
18050;Olivia;Paul;elgorpo@wol.yt;elgorpo@wol.yt;True;$2a$10$HdQfU7GJ8xTh7V23joLEe.qcySJz./z6bO0NKfJLNwbkfRYG9mXbu;en;2019-03-01 11:16:45.079;system;system
14913;Tommy;Higgins;aknocbon@vuwerjo.il;aknocbon@vuwerjo.il;True;$2a$10$HdQfU7GJ8xTh7V23joLEe.qcySJz./z6bO0NKfJLNwbkfRYG9mXbu;en;2019-03-01 11:16:45.079;system;system
12666;Mabelle;Griffith;zeesige@atac.ba;zeesige@atac.ba;True;$2a$10$HdQfU7GJ8xTh7V23joLEe.qcySJz./z6bO0NKfJLNwbkfRYG9mXbu;en;2019-03-01 11:16:45.079;system;system
15641;Harold;Gill;gas@be.mo;gas@be.mo;True;$2a$10$HdQfU7GJ8xTh7V23joLEe.qcySJz./z6bO0NKfJLNwbkfRYG9mXbu;en;2019-03-01 11:16:45.079;system;system
13124;Barbara;Nelson;venri@vo.eh;venri@vo.eh;True;$2a$10$HdQfU7GJ8xTh7V23joLEe.qcySJz./z6bO0NKfJLNwbkfRYG9mXbu;en;2019-03-01 11:16:45.079;system;system
17214;Calvin;Nichols;powduiv@leg.pk;powduiv@leg.pk;True;$2a$10$HdQfU7GJ8xTh7V23joLEe.qcySJz./z6bO0NKfJLNwbkfRYG9mXbu;en;2019-03-01 11:16:45.079;system;system
15456;Phillip;Hoffman;ahelu@ig.km;ahelu@ig.km;True;$2a$10$HdQfU7GJ8xTh7V23joLEe.qcySJz./z6bO0NKfJLNwbkfRYG9mXbu;en;2019-03-01 11:16:45.079;system;system
15062;Eleanor;Wilson;ajebeg@bab.kp;ajebeg@bab.kp;True;$2a$10$HdQfU7GJ8xTh7V23joLEe.qcySJz./z6bO0NKfJLNwbkfRYG9mXbu;en;2019-03-01 11:16:45.079;system;system
12928;Bertie;Chapman;lezemu@katuccu.lv;lezemu@katuccu.lv;True;$2a$10$HdQfU7GJ8xTh7V23joLEe.qcySJz./z6bO0NKfJLNwbkfRYG9mXbu;en;2019-03-01 11:16:45.079;system;system
15727;Isaac;McDonald;guhoscob@rodguj.nl;guhoscob@rodguj.nl;True;$2a$10$HdQfU7GJ8xTh7V23joLEe.qcySJz./z6bO0NKfJLNwbkfRYG9mXbu;en;2019-03-01 11:16:45.079;system;system
17980;Christina;Tyler;sub@viganen.kp;sub@viganen.kp;True;$2a$10$HdQfU7GJ8xTh7V23joLEe.qcySJz./z6bO0NKfJLNwbkfRYG9mXbu;en;2019-03-01 11:16:45.079;system;system
15290;Cordelia;Rodriguez;hih@viegob.az;hih@viegob.az;True;$2a$10$HdQfU7GJ8xTh7V23joLEe.qcySJz./z6bO0NKfJLNwbkfRYG9mXbu;en;2019-03-01 11:16:45.079;system;system
17752;Joe;Osborne;dop@fagaji.cv;dop@fagaji.cv;True;$2a$10$HdQfU7GJ8xTh7V23joLEe.qcySJz./z6bO0NKfJLNwbkfRYG9mXbu;en;2019-03-01 11:16:45.079;system;system
15615;Ernest;Austin;zuasu@ko.bj;zuasu@ko.bj;True;$2a$10$HdQfU7GJ8xTh7V23joLEe.qcySJz./z6bO0NKfJLNwbkfRYG9mXbu;en;2019-03-01 11:16:45.079;system;system
12577;Isaiah;Greer;fuami@itamat.hm;fuami@itamat.hm;True;$2a$10$HdQfU7GJ8xTh7V23joLEe.qcySJz./z6bO0NKfJLNwbkfRYG9mXbu;en;2019-03-01 11:16:45.079;system;system
17044;Helena;Watts;junbavu@jukihop.mt;junbavu@jukihop.mt;True;$2a$10$HdQfU7GJ8xTh7V23joLEe.qcySJz./z6bO0NKfJLNwbkfRYG9mXbu;en;2019-03-01 11:16:45.079;system;system
13829;Isabel;Williams;tevirzoh@unmod.am;tevirzoh@unmod.am;True;$2a$10$HdQfU7GJ8xTh7V23joLEe.qcySJz./z6bO0NKfJLNwbkfRYG9mXbu;en;2019-03-01 11:16:45.079;system;system
17633;Luella;Gibbs;wih@zohga.mc;wih@zohga.mc;True;$2a$10$HdQfU7GJ8xTh7V23joLEe.qcySJz./z6bO0NKfJLNwbkfRYG9mXbu;en;2019-03-01 11:16:45.079;system;system
13266;Mary;Collier;arjufli@nu.pe;arjufli@nu.pe;True;$2a$10$HdQfU7GJ8xTh7V23joLEe.qcySJz./z6bO0NKfJLNwbkfRYG9mXbu;en;2019-03-01 11:16:45.079;system;system
17820;Theodore;Simpson;ivo@gulif.gl;ivo@gulif.gl;True;$2a$10$HdQfU7GJ8xTh7V23joLEe.qcySJz./z6bO0NKfJLNwbkfRYG9mXbu;en;2019-03-01 11:16:45.079;system;system
15664;Harold;Patrick;fudfe@ficata.uy;fudfe@ficata.uy;True;$2a$10$HdQfU7GJ8xTh7V23joLEe.qcySJz./z6bO0NKfJLNwbkfRYG9mXbu;en;2019-03-01 11:16:45.079;system;system
17189;Jessie;May;bo@fufucota.it;bo@fufucota.it;True;$2a$10$HdQfU7GJ8xTh7V23joLEe.qcySJz./z6bO0NKfJLNwbkfRYG9mXbu;en;2019-03-01 11:16:45.079;system;system
17496;Theresa;Stephens;tonaham@pohi.be;tonaham@pohi.be;True;$2a$10$HdQfU7GJ8xTh7V23joLEe.qcySJz./z6bO0NKfJLNwbkfRYG9mXbu;en;2019-03-01 11:16:45.079;system;system
16607;Rosa;Alvarado;wire@vevfoip.pg;wire@vevfoip.pg;True;$2a$10$HdQfU7GJ8xTh7V23joLEe.qcySJz./z6bO0NKfJLNwbkfRYG9mXbu;en;2019-03-01 11:16:45.079;system;system
13317;Elnora;Richards;imipujow@muha.eg;imipujow@muha.eg;True;$2a$10$HdQfU7GJ8xTh7V23joLEe.qcySJz./z6bO0NKfJLNwbkfRYG9mXbu;en;2019-03-01 11:16:45.079;system;system
13890;Jason;Herrera;ir@vugo.uk;ir@vugo.uk;True;$2a$10$HdQfU7GJ8xTh7V23joLEe.qcySJz./z6bO0NKfJLNwbkfRYG9mXbu;en;2019-03-01 11:16:45.079;system;system
17001;Nora;Watson;osbu@ijvak.nr;osbu@ijvak.nr;True;$2a$10$HdQfU7GJ8xTh7V23joLEe.qcySJz./z6bO0NKfJLNwbkfRYG9mXbu;en;2019-03-01 11:16:45.079;system;system
15246;Roy;Garner;nam@tetutelid.to;nam@tetutelid.to;True;$2a$10$HdQfU7GJ8xTh7V23joLEe.qcySJz./z6bO0NKfJLNwbkfRYG9mXbu;en;2019-03-01 11:16:45.079;system;system
16996;Billy;Goodman;ro@bowibuzu.ss;ro@bowibuzu.ss;True;$2a$10$HdQfU7GJ8xTh7V23joLEe.qcySJz./z6bO0NKfJLNwbkfRYG9mXbu;en;2019-03-01 11:16:45.079;system;system
15482;Melvin;Morris;gahauj@no.ee;gahauj@no.ee;True;$2a$10$HdQfU7GJ8xTh7V23joLEe.qcySJz./z6bO0NKfJLNwbkfRYG9mXbu;en;2019-03-01 11:16:45.079;system;system
16037;Sophie;Tate;ji@az.bt;ji@az.bt;True;$2a$10$HdQfU7GJ8xTh7V23joLEe.qcySJz./z6bO0NKfJLNwbkfRYG9mXbu;en;2019-03-01 11:16:45.079;system;system
14841;Eleanor;Greer;laromguk@elkirrep.ca;laromguk@elkirrep.ca;True;$2a$10$HdQfU7GJ8xTh7V23joLEe.qcySJz./z6bO0NKfJLNwbkfRYG9mXbu;en;2019-03-01 11:16:45.079;system;system
16670;Walter;Harmon;lubokruz@izufuhe.eh;lubokruz@izufuhe.eh;True;$2a$10$HdQfU7GJ8xTh7V23joLEe.qcySJz./z6bO0NKfJLNwbkfRYG9mXbu;en;2019-03-01 11:16:45.079;system;system
16985;Jessie;Harrison;jumse@fajoaf.by;jumse@fajoaf.by;True;$2a$10$HdQfU7GJ8xTh7V23joLEe.qcySJz./z6bO0NKfJLNwbkfRYG9mXbu;en;2019-03-01 11:16:45.079;system;system
16705;Mason;Hanson;nitaw@gu.nl;nitaw@gu.nl;True;$2a$10$HdQfU7GJ8xTh7V23joLEe.qcySJz./z6bO0NKfJLNwbkfRYG9mXbu;en;2019-03-01 11:16:45.079;system;system
16470;Juan;Guerrero;gagpicpan@po.lv;gagpicpan@po.lv;True;$2a$10$HdQfU7GJ8xTh7V23joLEe.qcySJz./z6bO0NKfJLNwbkfRYG9mXbu;en;2019-03-01 11:16:45.079;system;system
14414;Alma;Scott;oradumi@egzukpe.sn;oradumi@egzukpe.sn;True;$2a$10$HdQfU7GJ8xTh7V23joLEe.qcySJz./z6bO0NKfJLNwbkfRYG9mXbu;en;2019-03-01 11:16:45.079;system;system
15563;Francis;Williams;vazceh@ed.mu;vazceh@ed.mu;True;$2a$10$HdQfU7GJ8xTh7V23joLEe.qcySJz./z6bO0NKfJLNwbkfRYG9mXbu;en;2019-03-01 11:16:45.079;system;system
12980;Alberta;Gardner;fihves@mooz.nz;fihves@mooz.nz;True;$2a$10$HdQfU7GJ8xTh7V23joLEe.qcySJz./z6bO0NKfJLNwbkfRYG9mXbu;en;2019-03-01 11:16:45.079;system;system
16746;Fred;Haynes;debintod@vul.as;debintod@vul.as;True;$2a$10$HdQfU7GJ8xTh7V23joLEe.qcySJz./z6bO0NKfJLNwbkfRYG9mXbu;en;2019-03-01 11:16:45.079;system;system
14878;Joshua;Hunt;wulret@dafhod.gg;wulret@dafhod.gg;True;$2a$10$HdQfU7GJ8xTh7V23joLEe.qcySJz./z6bO0NKfJLNwbkfRYG9mXbu;en;2019-03-01 11:16:45.079;system;system
16743;Leah;Robertson;ib@haisa.bi;ib@haisa.bi;True;$2a$10$HdQfU7GJ8xTh7V23joLEe.qcySJz./z6bO0NKfJLNwbkfRYG9mXbu;en;2019-03-01 11:16:45.079;system;system
17146;Adelaide;Jenkins;pium@figod.nf;pium@figod.nf;True;$2a$10$HdQfU7GJ8xTh7V23joLEe.qcySJz./z6bO0NKfJLNwbkfRYG9mXbu;en;2019-03-01 11:16:45.079;system;system
12877;Lloyd;Blair;lin@efe.me;lin@efe.me;True;$2a$10$HdQfU7GJ8xTh7V23joLEe.qcySJz./z6bO0NKfJLNwbkfRYG9mXbu;en;2019-03-01 11:16:45.079;system;system
15394;Jayden;Gonzalez;ekuhugup@caduvo.pm;ekuhugup@caduvo.pm;True;$2a$10$HdQfU7GJ8xTh7V23joLEe.qcySJz./z6bO0NKfJLNwbkfRYG9mXbu;en;2019-03-01 11:16:45.079;system;system
14621;Bruce;Boone;ogtemni@av.az;ogtemni@av.az;True;$2a$10$HdQfU7GJ8xTh7V23joLEe.qcySJz./z6bO0NKfJLNwbkfRYG9mXbu;en;2019-03-01 11:16:45.079;system;system
15379;Jean;Scott;futacow@ba.jo;futacow@ba.jo;True;$2a$10$HdQfU7GJ8xTh7V23joLEe.qcySJz./z6bO0NKfJLNwbkfRYG9mXbu;en;2019-03-01 11:16:45.079;system;system
14309;Bruce;Greer;sasiluw@vecgirah.qa;sasiluw@vecgirah.qa;True;$2a$10$HdQfU7GJ8xTh7V23joLEe.qcySJz./z6bO0NKfJLNwbkfRYG9mXbu;en;2019-03-01 11:16:45.079;system;system
17288;Samuel;Daniels;letonhuz@zihmif.cg;letonhuz@zihmif.cg;True;$2a$10$HdQfU7GJ8xTh7V23joLEe.qcySJz./z6bO0NKfJLNwbkfRYG9mXbu;en;2019-03-01 11:16:45.079;system;system
14709;Juan;Nelson;muek@ivida.sm;muek@ivida.sm;True;$2a$10$HdQfU7GJ8xTh7V23joLEe.qcySJz./z6bO0NKfJLNwbkfRYG9mXbu;en;2019-03-01 11:16:45.079;system;system
15157;Brett;Medina;zi@fug.kg;zi@fug.kg;True;$2a$10$HdQfU7GJ8xTh7V23joLEe.qcySJz./z6bO0NKfJLNwbkfRYG9mXbu;en;2019-03-01 11:16:45.079;system;system
17744;Dorothy;Bass;hac@todesacu.bw;hac@todesacu.bw;True;$2a$10$HdQfU7GJ8xTh7V23joLEe.qcySJz./z6bO0NKfJLNwbkfRYG9mXbu;en;2019-03-01 11:16:45.079;system;system
16316;Ronnie;Hernandez;betas@em.va;betas@em.va;True;$2a$10$HdQfU7GJ8xTh7V23joLEe.qcySJz./z6bO0NKfJLNwbkfRYG9mXbu;en;2019-03-01 11:16:45.079;system;system
15620;Duane;Wade;rof@wuwgapfeb.lc;rof@wuwgapfeb.lc;True;$2a$10$HdQfU7GJ8xTh7V23joLEe.qcySJz./z6bO0NKfJLNwbkfRYG9mXbu;en;2019-03-01 11:16:45.079;system;system
15789;Cornelia;Yates;fuc@jupe.pm;fuc@jupe.pm;True;$2a$10$HdQfU7GJ8xTh7V23joLEe.qcySJz./z6bO0NKfJLNwbkfRYG9mXbu;en;2019-03-01 11:16:45.079;system;system
16560;Connor;Mendoza;bobofe@paje.ci;bobofe@paje.ci;True;$2a$10$HdQfU7GJ8xTh7V23joLEe.qcySJz./z6bO0NKfJLNwbkfRYG9mXbu;en;2019-03-01 11:16:45.079;system;system
13534;Effie;Parsons;kuhluh@wiluvu.pg;kuhluh@wiluvu.pg;True;$2a$10$HdQfU7GJ8xTh7V23joLEe.qcySJz./z6bO0NKfJLNwbkfRYG9mXbu;en;2019-03-01 11:16:45.079;system;system
17580;Martha;Abbott;ospitdid@zolgi.mr;ospitdid@zolgi.mr;True;$2a$10$HdQfU7GJ8xTh7V23joLEe.qcySJz./z6bO0NKfJLNwbkfRYG9mXbu;en;2019-03-01 11:16:45.079;system;system
14777;Tony;Love;kof@rudciso.bf;kof@rudciso.bf;True;$2a$10$HdQfU7GJ8xTh7V23joLEe.qcySJz./z6bO0NKfJLNwbkfRYG9mXbu;en;2019-03-01 11:16:45.079;system;system
15759;Raymond;Page;su@domef.im;su@domef.im;True;$2a$10$HdQfU7GJ8xTh7V23joLEe.qcySJz./z6bO0NKfJLNwbkfRYG9mXbu;en;2019-03-01 11:16:45.079;system;system
14373;Cordelia;Montgomery;nukasij@fibkugrik.cc;nukasij@fibkugrik.cc;True;$2a$10$HdQfU7GJ8xTh7V23joLEe.qcySJz./z6bO0NKfJLNwbkfRYG9mXbu;en;2019-03-01 11:16:45.079;system;system
18176;Marguerite;Thompson;palavuli@ujhep.vg;palavuli@ujhep.vg;True;$2a$10$HdQfU7GJ8xTh7V23joLEe.qcySJz./z6bO0NKfJLNwbkfRYG9mXbu;en;2019-03-01 11:16:45.079;system;system
15366;Genevieve;Morrison;wida@ni.hu;wida@ni.hu;True;$2a$10$HdQfU7GJ8xTh7V23joLEe.qcySJz./z6bO0NKfJLNwbkfRYG9mXbu;en;2019-03-01 11:16:45.079;system;system
14735;Francis;Carter;ketagih@likna.tg;ketagih@likna.tg;True;$2a$10$HdQfU7GJ8xTh7V23joLEe.qcySJz./z6bO0NKfJLNwbkfRYG9mXbu;en;2019-03-01 11:16:45.079;system;system
16271;Sophia;Burgess;tazzeh@entop.br;tazzeh@entop.br;True;$2a$10$HdQfU7GJ8xTh7V23joLEe.qcySJz./z6bO0NKfJLNwbkfRYG9mXbu;en;2019-03-01 11:16:45.079;system;system
18223;Micheal;Cummings;jub@de.ck;jub@de.ck;True;$2a$10$HdQfU7GJ8xTh7V23joLEe.qcySJz./z6bO0NKfJLNwbkfRYG9mXbu;en;2019-03-01 11:16:45.079;system;system
15532;Gordon;Potter;edijocru@hopocow.td;edijocru@hopocow.td;True;$2a$10$HdQfU7GJ8xTh7V23joLEe.qcySJz./z6bO0NKfJLNwbkfRYG9mXbu;en;2019-03-01 11:16:45.079;system;system
16816;Annie;McCormick;mi@jevjokbu.km;mi@jevjokbu.km;True;$2a$10$HdQfU7GJ8xTh7V23joLEe.qcySJz./z6bO0NKfJLNwbkfRYG9mXbu;en;2019-03-01 11:16:45.079;system;system
16684;Sarah;McCarthy;maral@ope.ir;maral@ope.ir;True;$2a$10$HdQfU7GJ8xTh7V23joLEe.qcySJz./z6bO0NKfJLNwbkfRYG9mXbu;en;2019-03-01 11:16:45.079;system;system
14334;Jesus;Walton;tocuko@uhazum.ax;tocuko@uhazum.ax;True;$2a$10$HdQfU7GJ8xTh7V23joLEe.qcySJz./z6bO0NKfJLNwbkfRYG9mXbu;en;2019-03-01 11:16:45.079;system;system
16945;Eleanor;Foster;iw@kekepnot.lb;iw@kekepnot.lb;True;$2a$10$HdQfU7GJ8xTh7V23joLEe.qcySJz./z6bO0NKfJLNwbkfRYG9mXbu;en;2019-03-01 11:16:45.079;system;system
14643;Landon;Moreno;relfe@hafoj.bq;relfe@hafoj.bq;True;$2a$10$HdQfU7GJ8xTh7V23joLEe.qcySJz./z6bO0NKfJLNwbkfRYG9mXbu;en;2019-03-01 11:16:45.079;system;system
15197;Anthony;Pierce;latkube@ivolti.jm;latkube@ivolti.jm;True;$2a$10$HdQfU7GJ8xTh7V23joLEe.qcySJz./z6bO0NKfJLNwbkfRYG9mXbu;en;2019-03-01 11:16:45.079;system;system
14220;Roxie;Ray;puf@gulpipni.ie;puf@gulpipni.ie;True;$2a$10$HdQfU7GJ8xTh7V23joLEe.qcySJz./z6bO0NKfJLNwbkfRYG9mXbu;en;2019-03-01 11:16:45.079;system;system
13874;Georgia;Vaughn;uctav@am.dj;uctav@am.dj;True;$2a$10$HdQfU7GJ8xTh7V23joLEe.qcySJz./z6bO0NKfJLNwbkfRYG9mXbu;en;2019-03-01 11:16:45.079;system;system
18260;Rachel;Barnes;vumas@curba.py;vumas@curba.py;True;$2a$10$HdQfU7GJ8xTh7V23joLEe.qcySJz./z6bO0NKfJLNwbkfRYG9mXbu;en;2019-03-01 11:16:45.079;system;system
17848;Lillie;Saunders;figid@ewpip.bv;figid@ewpip.bv;True;$2a$10$HdQfU7GJ8xTh7V23joLEe.qcySJz./z6bO0NKfJLNwbkfRYG9mXbu;en;2019-03-01 11:16:45.079;system;system
17392;Sue;Glover;pojpud@pekamdo.cw;pojpud@pekamdo.cw;True;$2a$10$HdQfU7GJ8xTh7V23joLEe.qcySJz./z6bO0NKfJLNwbkfRYG9mXbu;en;2019-03-01 11:16:45.079;system;system
12348;Joshua;Gonzalez;su@afa.zw;su@afa.zw;True;$2a$10$HdQfU7GJ8xTh7V23joLEe.qcySJz./z6bO0NKfJLNwbkfRYG9mXbu;en;2019-03-01 11:16:45.079;system;system
14985;Devin;Diaz;taboju@raepa.gu;taboju@raepa.gu;True;$2a$10$HdQfU7GJ8xTh7V23joLEe.qcySJz./z6bO0NKfJLNwbkfRYG9mXbu;en;2019-03-01 11:16:45.079;system;system
13004;Vernon;McDaniel;lolbuhra@adput.id;lolbuhra@adput.id;True;$2a$10$HdQfU7GJ8xTh7V23joLEe.qcySJz./z6bO0NKfJLNwbkfRYG9mXbu;en;2019-03-01 11:16:45.079;system;system
14560;Eunice;Harper;buslozap@gujev.gq;buslozap@gujev.gq;True;$2a$10$HdQfU7GJ8xTh7V23joLEe.qcySJz./z6bO0NKfJLNwbkfRYG9mXbu;en;2019-03-01 11:16:45.079;system;system
12931;Grace;Barker;rijew@bikunaj.eh;rijew@bikunaj.eh;True;$2a$10$HdQfU7GJ8xTh7V23joLEe.qcySJz./z6bO0NKfJLNwbkfRYG9mXbu;en;2019-03-01 11:16:45.079;system;system
13627;Don;Moss;tof@ej.aw;tof@ej.aw;True;$2a$10$HdQfU7GJ8xTh7V23joLEe.qcySJz./z6bO0NKfJLNwbkfRYG9mXbu;en;2019-03-01 11:16:45.079;system;system
12551;Lawrence;Lowe;mictikal@rukaj.bh;mictikal@rukaj.bh;True;$2a$10$HdQfU7GJ8xTh7V23joLEe.qcySJz./z6bO0NKfJLNwbkfRYG9mXbu;en;2019-03-01 11:16:45.079;system;system
12782;Don;Swanson;vuf@ispetcip.af;vuf@ispetcip.af;True;$2a$10$HdQfU7GJ8xTh7V23joLEe.qcySJz./z6bO0NKfJLNwbkfRYG9mXbu;en;2019-03-01 11:16:45.079;system;system
14769;Bobby;Turner;luduh@imutos.gf;luduh@imutos.gf;True;$2a$10$HdQfU7GJ8xTh7V23joLEe.qcySJz./z6bO0NKfJLNwbkfRYG9mXbu;en;2019-03-01 11:16:45.079;system;system
15780;Chris;Torres;cidebasa@ripta.tf;cidebasa@ripta.tf;True;$2a$10$HdQfU7GJ8xTh7V23joLEe.qcySJz./z6bO0NKfJLNwbkfRYG9mXbu;en;2019-03-01 11:16:45.079;system;system
12417;Seth;French;mirsusem@revokos.us;mirsusem@revokos.us;True;$2a$10$HdQfU7GJ8xTh7V23joLEe.qcySJz./z6bO0NKfJLNwbkfRYG9mXbu;en;2019-03-01 11:16:45.079;system;system
17315;Daisy;Nunez;rolled@siwveidu.gq;rolled@siwveidu.gq;True;$2a$10$HdQfU7GJ8xTh7V23joLEe.qcySJz./z6bO0NKfJLNwbkfRYG9mXbu;en;2019-03-01 11:16:45.079;system;system
16711;Dollie;Vargas;deleom@rijidgaf.st;deleom@rijidgaf.st;True;$2a$10$HdQfU7GJ8xTh7V23joLEe.qcySJz./z6bO0NKfJLNwbkfRYG9mXbu;en;2019-03-01 11:16:45.079;system;system
12726;Jay;Jennings;oguem@sa.by;oguem@sa.by;True;$2a$10$HdQfU7GJ8xTh7V23joLEe.qcySJz./z6bO0NKfJLNwbkfRYG9mXbu;en;2019-03-01 11:16:45.079;system;system
15204;Gary;Singleton;imhib@kobo.af;imhib@kobo.af;True;$2a$10$HdQfU7GJ8xTh7V23joLEe.qcySJz./z6bO0NKfJLNwbkfRYG9mXbu;en;2019-03-01 11:16:45.079;system;system
17888;Emilie;Sanchez;rupal@upi.pw;rupal@upi.pw;True;$2a$10$HdQfU7GJ8xTh7V23joLEe.qcySJz./z6bO0NKfJLNwbkfRYG9mXbu;en;2019-03-01 11:16:45.079;system;system
17007;Eunice;Underwood;wezru@dikweud.gg;wezru@dikweud.gg;True;$2a$10$HdQfU7GJ8xTh7V23joLEe.qcySJz./z6bO0NKfJLNwbkfRYG9mXbu;en;2019-03-01 11:16:45.079;system;system
15160;Laura;Moss;lokpa@me.ro;lokpa@me.ro;True;$2a$10$HdQfU7GJ8xTh7V23joLEe.qcySJz./z6bO0NKfJLNwbkfRYG9mXbu;en;2019-03-01 11:16:45.079;system;system
14016;Mitchell;Phillips;topwud@ba.af;topwud@ba.af;True;$2a$10$HdQfU7GJ8xTh7V23joLEe.qcySJz./z6bO0NKfJLNwbkfRYG9mXbu;en;2019-03-01 11:16:45.079;system;system
13033;Floyd;Howard;su@no.mk;su@no.mk;True;$2a$10$HdQfU7GJ8xTh7V23joLEe.qcySJz./z6bO0NKfJLNwbkfRYG9mXbu;en;2019-03-01 11:16:45.079;system;system
12691;Eula;Harvey;zub@agavaip.ma;zub@agavaip.ma;True;$2a$10$HdQfU7GJ8xTh7V23joLEe.qcySJz./z6bO0NKfJLNwbkfRYG9mXbu;en;2019-03-01 11:16:45.079;system;system
13869;Chase;Wilkins;birzefru@ad.io;birzefru@ad.io;True;$2a$10$HdQfU7GJ8xTh7V23joLEe.qcySJz./z6bO0NKfJLNwbkfRYG9mXbu;en;2019-03-01 11:16:45.079;system;system
14146;Maria;Fletcher;wuwem@bu.al;wuwem@bu.al;True;$2a$10$HdQfU7GJ8xTh7V23joLEe.qcySJz./z6bO0NKfJLNwbkfRYG9mXbu;en;2019-03-01 11:16:45.079;system;system
12705;Rebecca;Wilkins;ibo@utpuz.gg;ibo@utpuz.gg;True;$2a$10$HdQfU7GJ8xTh7V23joLEe.qcySJz./z6bO0NKfJLNwbkfRYG9mXbu;en;2019-03-01 11:16:45.079;system;system
16885;Dominic;Reeves;itokavi@kesoga.mp;itokavi@kesoga.mp;True;$2a$10$HdQfU7GJ8xTh7V23joLEe.qcySJz./z6bO0NKfJLNwbkfRYG9mXbu;en;2019-03-01 11:16:45.079;system;system
17913;Olga;Bass;arpuri@catibpu.lu;arpuri@catibpu.lu;True;$2a$10$HdQfU7GJ8xTh7V23joLEe.qcySJz./z6bO0NKfJLNwbkfRYG9mXbu;en;2019-03-01 11:16:45.079;system;system
12668;Warren;Dennis;juldi@emihem.mk;juldi@emihem.mk;True;$2a$10$HdQfU7GJ8xTh7V23joLEe.qcySJz./z6bO0NKfJLNwbkfRYG9mXbu;en;2019-03-01 11:16:45.079;system;system
14472;Gerald;Clark;foobakil@turbufli.us;foobakil@turbufli.us;True;$2a$10$HdQfU7GJ8xTh7V23joLEe.qcySJz./z6bO0NKfJLNwbkfRYG9mXbu;en;2019-03-01 11:16:45.079;system;system
17358;Troy;Townsend;ri@ovogiwola.ng;ri@ovogiwola.ng;True;$2a$10$HdQfU7GJ8xTh7V23joLEe.qcySJz./z6bO0NKfJLNwbkfRYG9mXbu;en;2019-03-01 11:16:45.079;system;system
16686;Susan;Horton;zabzuuwo@feru.mk;zabzuuwo@feru.mk;True;$2a$10$HdQfU7GJ8xTh7V23joLEe.qcySJz./z6bO0NKfJLNwbkfRYG9mXbu;en;2019-03-01 11:16:45.079;system;system
18245;Elnora;Allen;holuspo@elucuc.vi;holuspo@elucuc.vi;True;$2a$10$HdQfU7GJ8xTh7V23joLEe.qcySJz./z6bO0NKfJLNwbkfRYG9mXbu;en;2019-03-01 11:16:45.079;system;system
17343;Clyde;Ramsey;mocecuj@civmuc.zm;mocecuj@civmuc.zm;True;$2a$10$HdQfU7GJ8xTh7V23joLEe.qcySJz./z6bO0NKfJLNwbkfRYG9mXbu;en;2019-03-01 11:16:45.079;system;system
18256;Johanna;Fitzgerald;hisu@tinular.sr;hisu@tinular.sr;True;$2a$10$HdQfU7GJ8xTh7V23joLEe.qcySJz./z6bO0NKfJLNwbkfRYG9mXbu;en;2019-03-01 11:16:45.079;system;system
16153;Isaac;Williamson;onebado@imoukagah.kz;onebado@imoukagah.kz;True;$2a$10$HdQfU7GJ8xTh7V23joLEe.qcySJz./z6bO0NKfJLNwbkfRYG9mXbu;en;2019-03-01 11:16:45.079;system;system
12377;Eunice;Smith;ehiocaga@ku.tp;ehiocaga@ku.tp;True;$2a$10$HdQfU7GJ8xTh7V23joLEe.qcySJz./z6bO0NKfJLNwbkfRYG9mXbu;en;2019-03-01 11:16:45.079;system;system
14646;Scott;Cunningham;rok@cuzjev.co;rok@cuzjev.co;True;$2a$10$HdQfU7GJ8xTh7V23joLEe.qcySJz./z6bO0NKfJLNwbkfRYG9mXbu;en;2019-03-01 11:16:45.079;system;system
12944;Gary;Santiago;ujbe@po.vu;ujbe@po.vu;True;$2a$10$HdQfU7GJ8xTh7V23joLEe.qcySJz./z6bO0NKfJLNwbkfRYG9mXbu;en;2019-03-01 11:16:45.079;system;system
15312;Bernard;Sanchez;zanez@kaijof.bn;zanez@kaijof.bn;True;$2a$10$HdQfU7GJ8xTh7V23joLEe.qcySJz./z6bO0NKfJLNwbkfRYG9mXbu;en;2019-03-01 11:16:45.079;system;system
14099;Marc;Fernandez;riwtig@huwiba.tm;riwtig@huwiba.tm;True;$2a$10$HdQfU7GJ8xTh7V23joLEe.qcySJz./z6bO0NKfJLNwbkfRYG9mXbu;en;2019-03-01 11:16:45.079;system;system
14113;Francis;Fuller;cozi@wag.gg;cozi@wag.gg;True;$2a$10$HdQfU7GJ8xTh7V23joLEe.qcySJz./z6bO0NKfJLNwbkfRYG9mXbu;en;2019-03-01 11:16:45.079;system;system
13104;Cody;McDaniel;ki@het.ug;ki@het.ug;True;$2a$10$HdQfU7GJ8xTh7V23joLEe.qcySJz./z6bO0NKfJLNwbkfRYG9mXbu;en;2019-03-01 11:16:45.079;system;system
17204;Eric;Steele;bila@el.tl;bila@el.tl;True;$2a$10$HdQfU7GJ8xTh7V23joLEe.qcySJz./z6bO0NKfJLNwbkfRYG9mXbu;en;2019-03-01 11:16:45.079;system;system
13027;James;Wade;kopih@katmac.pk;kopih@katmac.pk;True;$2a$10$HdQfU7GJ8xTh7V23joLEe.qcySJz./z6bO0NKfJLNwbkfRYG9mXbu;en;2019-03-01 11:16:45.079;system;system
17621;May;Kelley;gig@kejrohad.br;gig@kejrohad.br;True;$2a$10$HdQfU7GJ8xTh7V23joLEe.qcySJz./z6bO0NKfJLNwbkfRYG9mXbu;en;2019-03-01 11:16:45.079;system;system
17090;Brian;Wood;su@fit.ru;su@fit.ru;True;$2a$10$HdQfU7GJ8xTh7V23joLEe.qcySJz./z6bO0NKfJLNwbkfRYG9mXbu;en;2019-03-01 11:16:45.079;system;system
14119;Mabel;Gross;ej@giwihnen.cn;ej@giwihnen.cn;True;$2a$10$HdQfU7GJ8xTh7V23joLEe.qcySJz./z6bO0NKfJLNwbkfRYG9mXbu;en;2019-03-01 11:16:45.079;system;system
15527;Lucille;McLaughlin;tucu@evu.io;tucu@evu.io;True;$2a$10$HdQfU7GJ8xTh7V23joLEe.qcySJz./z6bO0NKfJLNwbkfRYG9mXbu;en;2019-03-01 11:16:45.079;system;system
18097;Calvin;Sullivan;bej@bupekiv.im;bej@bupekiv.im;True;$2a$10$HdQfU7GJ8xTh7V23joLEe.qcySJz./z6bO0NKfJLNwbkfRYG9mXbu;en;2019-03-01 11:16:45.079;system;system
15460;Albert;Torres;uloidojo@adlicos.za;uloidojo@adlicos.za;True;$2a$10$HdQfU7GJ8xTh7V23joLEe.qcySJz./z6bO0NKfJLNwbkfRYG9mXbu;en;2019-03-01 11:16:45.079;system;system
15034;Henrietta;Mills;noha@kicidti.ki;noha@kicidti.ki;True;$2a$10$HdQfU7GJ8xTh7V23joLEe.qcySJz./z6bO0NKfJLNwbkfRYG9mXbu;en;2019-03-01 11:16:45.079;system;system
12423;Timothy;Cannon;zuupo@ogigo.ba;zuupo@ogigo.ba;True;$2a$10$HdQfU7GJ8xTh7V23joLEe.qcySJz./z6bO0NKfJLNwbkfRYG9mXbu;en;2019-03-01 11:16:45.079;system;system
12678;Dean;Morgan;jevac@woffijsu.ve;jevac@woffijsu.ve;True;$2a$10$HdQfU7GJ8xTh7V23joLEe.qcySJz./z6bO0NKfJLNwbkfRYG9mXbu;en;2019-03-01 11:16:45.079;system;system
15208;Joe;Gomez;ko@ko.cv;ko@ko.cv;True;$2a$10$HdQfU7GJ8xTh7V23joLEe.qcySJz./z6bO0NKfJLNwbkfRYG9mXbu;en;2019-03-01 11:16:45.079;system;system
17306;Christopher;Benson;kes@hesusfas.tv;kes@hesusfas.tv;True;$2a$10$HdQfU7GJ8xTh7V23joLEe.qcySJz./z6bO0NKfJLNwbkfRYG9mXbu;en;2019-03-01 11:16:45.079;system;system
14737;Essie;Quinn;nomu@gejgunum.dj;nomu@gejgunum.dj;True;$2a$10$HdQfU7GJ8xTh7V23joLEe.qcySJz./z6bO0NKfJLNwbkfRYG9mXbu;en;2019-03-01 11:16:45.079;system;system
13029;Rena;Conner;omakuoga@hacab.gl;omakuoga@hacab.gl;True;$2a$10$HdQfU7GJ8xTh7V23joLEe.qcySJz./z6bO0NKfJLNwbkfRYG9mXbu;en;2019-03-01 11:16:45.079;system;system
16270;Lela;Wilkins;ru@hige.cr;ru@hige.cr;True;$2a$10$HdQfU7GJ8xTh7V23joLEe.qcySJz./z6bO0NKfJLNwbkfRYG9mXbu;en;2019-03-01 11:16:45.079;system;system
13487;Terry;Gray;ez@kikmeaka.gd;ez@kikmeaka.gd;True;$2a$10$HdQfU7GJ8xTh7V23joLEe.qcySJz./z6bO0NKfJLNwbkfRYG9mXbu;en;2019-03-01 11:16:45.079;system;system
12515;Rosetta;Christensen;weni@hodaz.co;weni@hodaz.co;True;$2a$10$HdQfU7GJ8xTh7V23joLEe.qcySJz./z6bO0NKfJLNwbkfRYG9mXbu;en;2019-03-01 11:16:45.079;system;system
17400;Alma;Abbott;ah@ikotunle.me;ah@ikotunle.me;True;$2a$10$HdQfU7GJ8xTh7V23joLEe.qcySJz./z6bO0NKfJLNwbkfRYG9mXbu;en;2019-03-01 11:16:45.079;system;system
17593;Belle;Garrett;caapibus@fulosud.fr;caapibus@fulosud.fr;True;$2a$10$HdQfU7GJ8xTh7V23joLEe.qcySJz./z6bO0NKfJLNwbkfRYG9mXbu;en;2019-03-01 11:16:45.079;system;system
13953;Jesse;Black;feomo@sojam.ie;feomo@sojam.ie;True;$2a$10$HdQfU7GJ8xTh7V23joLEe.qcySJz./z6bO0NKfJLNwbkfRYG9mXbu;en;2019-03-01 11:16:45.079;system;system
14533;Lily;Salazar;ikafud@wic.mp;ikafud@wic.mp;True;$2a$10$HdQfU7GJ8xTh7V23joLEe.qcySJz./z6bO0NKfJLNwbkfRYG9mXbu;en;2019-03-01 11:16:45.079;system;system
12734;Maurice;Gonzalez;go@wobwafit.tg;go@wobwafit.tg;True;$2a$10$HdQfU7GJ8xTh7V23joLEe.qcySJz./z6bO0NKfJLNwbkfRYG9mXbu;en;2019-03-01 11:16:45.079;system;system
14944;Cecelia;Hawkins;mifge@ob.hn;mifge@ob.hn;True;$2a$10$HdQfU7GJ8xTh7V23joLEe.qcySJz./z6bO0NKfJLNwbkfRYG9mXbu;en;2019-03-01 11:16:45.079;system;system
17239;Olga;Hicks;riwata@epe.gy;riwata@epe.gy;True;$2a$10$HdQfU7GJ8xTh7V23joLEe.qcySJz./z6bO0NKfJLNwbkfRYG9mXbu;en;2019-03-01 11:16:45.079;system;system
14532;Franklin;Brock;zoehi@uzupa.nl;zoehi@uzupa.nl;True;$2a$10$HdQfU7GJ8xTh7V23joLEe.qcySJz./z6bO0NKfJLNwbkfRYG9mXbu;en;2019-03-01 11:16:45.079;system;system
12383;Carolyn;Russell;geh@dalpap.es;geh@dalpap.es;True;$2a$10$HdQfU7GJ8xTh7V23joLEe.qcySJz./z6bO0NKfJLNwbkfRYG9mXbu;en;2019-03-01 11:16:45.079;system;system
15562;Tommy;Logan;ti@subeduf.hr;ti@subeduf.hr;True;$2a$10$HdQfU7GJ8xTh7V23joLEe.qcySJz./z6bO0NKfJLNwbkfRYG9mXbu;en;2019-03-01 11:16:45.079;system;system
15587;Carlos;Ingram;labholom@kejmouv.lb;labholom@kejmouv.lb;True;$2a$10$HdQfU7GJ8xTh7V23joLEe.qcySJz./z6bO0NKfJLNwbkfRYG9mXbu;en;2019-03-01 11:16:45.079;system;system
13922;Jerry;Bass;daodado@ubezasu.bn;daodado@ubezasu.bn;True;$2a$10$HdQfU7GJ8xTh7V23joLEe.qcySJz./z6bO0NKfJLNwbkfRYG9mXbu;en;2019-03-01 11:16:45.079;system;system
13817;Miguel;Hardy;bahivo@fici.cc;bahivo@fici.cc;True;$2a$10$HdQfU7GJ8xTh7V23joLEe.qcySJz./z6bO0NKfJLNwbkfRYG9mXbu;en;2019-03-01 11:16:45.079;system;system
12585;Polly;Turner;ud@kicug.io;ud@kicug.io;True;$2a$10$HdQfU7GJ8xTh7V23joLEe.qcySJz./z6bO0NKfJLNwbkfRYG9mXbu;en;2019-03-01 11:16:45.079;system;system
13165;Celia;Lyons;ja@pofazasa.ni;ja@pofazasa.ni;True;$2a$10$HdQfU7GJ8xTh7V23joLEe.qcySJz./z6bO0NKfJLNwbkfRYG9mXbu;en;2019-03-01 11:16:45.079;system;system
13304;Callie;May;towbe@zeticmab.np;towbe@zeticmab.np;True;$2a$10$HdQfU7GJ8xTh7V23joLEe.qcySJz./z6bO0NKfJLNwbkfRYG9mXbu;en;2019-03-01 11:16:45.079;system;system
13313;Alejandro;Ball;ikiketin@osribrib.pl;ikiketin@osribrib.pl;True;$2a$10$HdQfU7GJ8xTh7V23joLEe.qcySJz./z6bO0NKfJLNwbkfRYG9mXbu;en;2019-03-01 11:16:45.079;system;system
16875;Lydia;Mitchell;gefeb@vi.sj;gefeb@vi.sj;True;$2a$10$HdQfU7GJ8xTh7V23joLEe.qcySJz./z6bO0NKfJLNwbkfRYG9mXbu;en;2019-03-01 11:16:45.079;system;system
16282;Katherine;Parker;nodozo@ibcaf.lk;nodozo@ibcaf.lk;True;$2a$10$HdQfU7GJ8xTh7V23joLEe.qcySJz./z6bO0NKfJLNwbkfRYG9mXbu;en;2019-03-01 11:16:45.079;system;system
12957;Douglas;Wood;bajah@hucoavo.is;bajah@hucoavo.is;True;$2a$10$HdQfU7GJ8xTh7V23joLEe.qcySJz./z6bO0NKfJLNwbkfRYG9mXbu;en;2019-03-01 11:16:45.079;system;system
14462;Rena;James;pojwukbif@viwosa.gq;pojwukbif@viwosa.gq;True;$2a$10$HdQfU7GJ8xTh7V23joLEe.qcySJz./z6bO0NKfJLNwbkfRYG9mXbu;en;2019-03-01 11:16:45.079;system;system
13397;Chester;Klein;burdezuc@ohadiuj.sb;burdezuc@ohadiuj.sb;True;$2a$10$HdQfU7GJ8xTh7V23joLEe.qcySJz./z6bO0NKfJLNwbkfRYG9mXbu;en;2019-03-01 11:16:45.079;system;system
13680;Brent;King;to@witluvfun.sx;to@witluvfun.sx;True;$2a$10$HdQfU7GJ8xTh7V23joLEe.qcySJz./z6bO0NKfJLNwbkfRYG9mXbu;en;2019-03-01 11:16:45.079;system;system
12483;Billy;Ward;lepej@gozev.ag;lepej@gozev.ag;True;$2a$10$HdQfU7GJ8xTh7V23joLEe.qcySJz./z6bO0NKfJLNwbkfRYG9mXbu;en;2019-03-01 11:16:45.079;system;system
15164;William;Murphy;uze@bu.va;uze@bu.va;True;$2a$10$HdQfU7GJ8xTh7V23joLEe.qcySJz./z6bO0NKfJLNwbkfRYG9mXbu;en;2019-03-01 11:16:45.079;system;system
17457;Linnie;Hawkins;bap@safa.vn;bap@safa.vn;True;$2a$10$HdQfU7GJ8xTh7V23joLEe.qcySJz./z6bO0NKfJLNwbkfRYG9mXbu;en;2019-03-01 11:16:45.079;system;system
14732;Craig;Mendoza;kunro@ler.cl;kunro@ler.cl;True;$2a$10$HdQfU7GJ8xTh7V23joLEe.qcySJz./z6bO0NKfJLNwbkfRYG9mXbu;en;2019-03-01 11:16:45.079;system;system
14221;Emilie;Hale;laak@robus.nl;laak@robus.nl;True;$2a$10$HdQfU7GJ8xTh7V23joLEe.qcySJz./z6bO0NKfJLNwbkfRYG9mXbu;en;2019-03-01 11:16:45.079;system;system
14553;Margaret;Moody;gaga@opokaskik.to;gaga@opokaskik.to;True;$2a$10$HdQfU7GJ8xTh7V23joLEe.qcySJz./z6bO0NKfJLNwbkfRYG9mXbu;en;2019-03-01 11:16:45.079;system;system
13253;Landon;Wallace;olhitid@cejgoj.cc;olhitid@cejgoj.cc;True;$2a$10$HdQfU7GJ8xTh7V23joLEe.qcySJz./z6bO0NKfJLNwbkfRYG9mXbu;en;2019-03-01 11:16:45.079;system;system
17389;Lillie;Baker;mefir@ugvew.kw;mefir@ugvew.kw;True;$2a$10$HdQfU7GJ8xTh7V23joLEe.qcySJz./z6bO0NKfJLNwbkfRYG9mXbu;en;2019-03-01 11:16:45.079;system;system
12578;Arthur;Wolfe;vindas@leli.gd;vindas@leli.gd;True;$2a$10$HdQfU7GJ8xTh7V23joLEe.qcySJz./z6bO0NKfJLNwbkfRYG9mXbu;en;2019-03-01 11:16:45.079;system;system
15841;Eddie;Alexander;ondounu@wo.mz;ondounu@wo.mz;True;$2a$10$HdQfU7GJ8xTh7V23joLEe.qcySJz./z6bO0NKfJLNwbkfRYG9mXbu;en;2019-03-01 11:16:45.079;system;system
16112;Terry;Malone;bugdujad@ofita.tk;bugdujad@ofita.tk;True;$2a$10$HdQfU7GJ8xTh7V23joLEe.qcySJz./z6bO0NKfJLNwbkfRYG9mXbu;en;2019-03-01 11:16:45.079;system;system
13629;Cordelia;Hansen;kolbuvhaz@zozidop.tw;kolbuvhaz@zozidop.tw;True;$2a$10$HdQfU7GJ8xTh7V23joLEe.qcySJz./z6bO0NKfJLNwbkfRYG9mXbu;en;2019-03-01 11:16:45.079;system;system
16600;Frances;Ryan;pe@hotincu.kp;pe@hotincu.kp;True;$2a$10$HdQfU7GJ8xTh7V23joLEe.qcySJz./z6bO0NKfJLNwbkfRYG9mXbu;en;2019-03-01 11:16:45.079;system;system
15661;Addie;Norman;refekulu@zahhu.af;refekulu@zahhu.af;True;$2a$10$HdQfU7GJ8xTh7V23joLEe.qcySJz./z6bO0NKfJLNwbkfRYG9mXbu;en;2019-03-01 11:16:45.079;system;system
16532;Alan;McKinney;duhos@fucwej.cw;duhos@fucwej.cw;True;$2a$10$HdQfU7GJ8xTh7V23joLEe.qcySJz./z6bO0NKfJLNwbkfRYG9mXbu;en;2019-03-01 11:16:45.079;system;system
15266;Lucas;Joseph;sac@ami.cl;sac@ami.cl;True;$2a$10$HdQfU7GJ8xTh7V23joLEe.qcySJz./z6bO0NKfJLNwbkfRYG9mXbu;en;2019-03-01 11:16:45.079;system;system
14653;David;Reese;wahtebo@gedli.lc;wahtebo@gedli.lc;True;$2a$10$HdQfU7GJ8xTh7V23joLEe.qcySJz./z6bO0NKfJLNwbkfRYG9mXbu;en;2019-03-01 11:16:45.079;system;system
16771;Gordon;Stevens;puojruc@ubmupti.cn;puojruc@ubmupti.cn;True;$2a$10$HdQfU7GJ8xTh7V23joLEe.qcySJz./z6bO0NKfJLNwbkfRYG9mXbu;en;2019-03-01 11:16:45.079;system;system
17585;Eunice;Nichols;ibaino@base.mc;ibaino@base.mc;True;$2a$10$HdQfU7GJ8xTh7V23joLEe.qcySJz./z6bO0NKfJLNwbkfRYG9mXbu;en;2019-03-01 11:16:45.079;system;system
15046;Fanny;Delgado;zomipa@ebogijzer.by;zomipa@ebogijzer.by;True;$2a$10$HdQfU7GJ8xTh7V23joLEe.qcySJz./z6bO0NKfJLNwbkfRYG9mXbu;en;2019-03-01 11:16:45.079;system;system
13082;Isaiah;Herrera;puk@daso.bv;puk@daso.bv;True;$2a$10$HdQfU7GJ8xTh7V23joLEe.qcySJz./z6bO0NKfJLNwbkfRYG9mXbu;en;2019-03-01 11:16:45.079;system;system
15464;Justin;McDonald;dekot@pug.im;dekot@pug.im;True;$2a$10$HdQfU7GJ8xTh7V23joLEe.qcySJz./z6bO0NKfJLNwbkfRYG9mXbu;en;2019-03-01 11:16:45.079;system;system
18226;Ella;Bowen;usvusog@zid.cx;usvusog@zid.cx;True;$2a$10$HdQfU7GJ8xTh7V23joLEe.qcySJz./z6bO0NKfJLNwbkfRYG9mXbu;en;2019-03-01 11:16:45.079;system;system
18062;Addie;Vaughn;rovval@wu.nu;rovval@wu.nu;True;$2a$10$HdQfU7GJ8xTh7V23joLEe.qcySJz./z6bO0NKfJLNwbkfRYG9mXbu;en;2019-03-01 11:16:45.079;system;system
12415;Marvin;Pearson;pi@em.by;pi@em.by;True;$2a$10$HdQfU7GJ8xTh7V23joLEe.qcySJz./z6bO0NKfJLNwbkfRYG9mXbu;en;2019-03-01 11:16:45.079;system;system
12503;Vernon;Rogers;fotuam@bi.fo;fotuam@bi.fo;True;$2a$10$HdQfU7GJ8xTh7V23joLEe.qcySJz./z6bO0NKfJLNwbkfRYG9mXbu;en;2019-03-01 11:16:45.079;system;system
17368;Calvin;Bowen;etajecmir@ad.co.uk;etajecmir@ad.co.uk;True;$2a$10$HdQfU7GJ8xTh7V23joLEe.qcySJz./z6bO0NKfJLNwbkfRYG9mXbu;en;2019-03-01 11:16:45.079;system;system
14258;Olivia;Holmes;na@enusu.uk;na@enusu.uk;True;$2a$10$HdQfU7GJ8xTh7V23joLEe.qcySJz./z6bO0NKfJLNwbkfRYG9mXbu;en;2019-03-01 11:16:45.079;system;system
15719;Helena;Kelley;lewmuga@bakbu.sb;lewmuga@bakbu.sb;True;$2a$10$HdQfU7GJ8xTh7V23joLEe.qcySJz./z6bO0NKfJLNwbkfRYG9mXbu;en;2019-03-01 11:16:45.079;system;system
13368;Jerry;Hogan;kot@pitenge.so;kot@pitenge.so;True;$2a$10$HdQfU7GJ8xTh7V23joLEe.qcySJz./z6bO0NKfJLNwbkfRYG9mXbu;en;2019-03-01 11:16:45.079;system;system
17634;Johanna;Cobb;hakogrif@nernulwe.ci;hakogrif@nernulwe.ci;True;$2a$10$HdQfU7GJ8xTh7V23joLEe.qcySJz./z6bO0NKfJLNwbkfRYG9mXbu;en;2019-03-01 11:16:45.079;system;system
16676;Eunice;Brock;rip@pek.cm;rip@pek.cm;True;$2a$10$HdQfU7GJ8xTh7V23joLEe.qcySJz./z6bO0NKfJLNwbkfRYG9mXbu;en;2019-03-01 11:16:45.079;system;system
16424;Essie;Munoz;panoduc@evofuv.ba;panoduc@evofuv.ba;True;$2a$10$HdQfU7GJ8xTh7V23joLEe.qcySJz./z6bO0NKfJLNwbkfRYG9mXbu;en;2019-03-01 11:16:45.079;system;system
18283;Warren;Carlson;nocu@cebe.cw;nocu@cebe.cw;True;$2a$10$HdQfU7GJ8xTh7V23joLEe.qcySJz./z6bO0NKfJLNwbkfRYG9mXbu;en;2019-03-01 11:16:45.079;system;system
12735;Jeanette;Harmon;fowiin@bavdid.gw;fowiin@bavdid.gw;True;$2a$10$HdQfU7GJ8xTh7V23joLEe.qcySJz./z6bO0NKfJLNwbkfRYG9mXbu;en;2019-03-01 11:16:45.079;system;system
13764;Fanny;Cunningham;tildazsi@gu.wf;tildazsi@gu.wf;True;$2a$10$HdQfU7GJ8xTh7V23joLEe.qcySJz./z6bO0NKfJLNwbkfRYG9mXbu;en;2019-03-01 11:16:45.079;system;system
13656;Clarence;Malone;hegefce@olekabzi.mp;hegefce@olekabzi.mp;True;$2a$10$HdQfU7GJ8xTh7V23joLEe.qcySJz./z6bO0NKfJLNwbkfRYG9mXbu;en;2019-03-01 11:16:45.079;system;system
12413;Myra;Chavez;zo@fiho.af;zo@fiho.af;True;$2a$10$HdQfU7GJ8xTh7V23joLEe.qcySJz./z6bO0NKfJLNwbkfRYG9mXbu;en;2019-03-01 11:16:45.079;system;system
14312;Scott;Shaw;itevasuw@lakaz.tc;itevasuw@lakaz.tc;True;$2a$10$HdQfU7GJ8xTh7V23joLEe.qcySJz./z6bO0NKfJLNwbkfRYG9mXbu;en;2019-03-01 11:16:45.079;system;system
13280;Jackson;Christensen;erepoz@coggi.mg;erepoz@coggi.mg;True;$2a$10$HdQfU7GJ8xTh7V23joLEe.qcySJz./z6bO0NKfJLNwbkfRYG9mXbu;en;2019-03-01 11:16:45.079;system;system
15845;Tommy;Fisher;rihhiati@we.et;rihhiati@we.et;True;$2a$10$HdQfU7GJ8xTh7V23joLEe.qcySJz./z6bO0NKfJLNwbkfRYG9mXbu;en;2019-03-01 11:16:45.079;system;system
16094;Floyd;Arnold;komizemo@il.pk;komizemo@il.pk;True;$2a$10$HdQfU7GJ8xTh7V23joLEe.qcySJz./z6bO0NKfJLNwbkfRYG9mXbu;en;2019-03-01 11:16:45.079;system;system
13187;Ray;Evans;hikod@osa.tm;hikod@osa.tm;True;$2a$10$HdQfU7GJ8xTh7V23joLEe.qcySJz./z6bO0NKfJLNwbkfRYG9mXbu;en;2019-03-01 11:16:45.079;system;system
16567;Louise;Newton;mafla@jematu.np;mafla@jematu.np;True;$2a$10$HdQfU7GJ8xTh7V23joLEe.qcySJz./z6bO0NKfJLNwbkfRYG9mXbu;en;2019-03-01 11:16:45.079;system;system
14828;Allen;Kim;omikakav@wobiin.bi;omikakav@wobiin.bi;True;$2a$10$HdQfU7GJ8xTh7V23joLEe.qcySJz./z6bO0NKfJLNwbkfRYG9mXbu;en;2019-03-01 11:16:45.079;system;system
